LabID,ScatID,curated_species,common_name,broadtax,broadtax1,genus,family,order,species,host,site,guessed_sp,target,lon,lat,SampleSet
DEC1,D.06.26.23.C1,Canis latrans,coyote,Coyote,Coyote,Canis,Canidae,Carnivora,latrans,Coyote,Dangermond,coyote,target,-120.4561075,34.51859065,GL
DEC1,D.06.26.23.C1,Canis latrans,coyote,Coyote,Coyote,Canis,Canidae,Carnivora,latrans,Coyote,Dangermond,coyote,target,-120.4561075,34.51859065,GL
DEC1,D.06.26.23.C1,Peromyscus maniculatus,deer mouse,Small rodent,Small rodent,Peromyscus,Cricetidae,Rodentia,maniculatus,no,Dangermond,coyote,No,-120.4561075,34.51859065,GL
DEC1,D.06.26.23.C1,Anura,frog,Frog,reptile/amphibian,NA,NA,Anura,NA,no,Dangermond,coyote,No,-120.4561075,34.51859065,GL
DEC1,D.06.26.23.C1,Canis latrans,coyote,Coyote,Coyote,Canis,Canidae,Carnivora,latrans,Coyote,Dangermond,coyote,target,-120.4561075,34.51859065,GL
DEC1,D.06.26.23.C1,Thomomys bottae,botta's pocket gopher,Small rodent,Small rodent,Thomomys,Geomyidae,Rodentia,bottae,no,Dangermond,coyote,No,-120.4561075,34.51859065,GL
DEC1,D.06.26.23.C1,Canis latrans,coyote,Coyote,Coyote,Canis,Canidae,Carnivora,latrans,Coyote,Dangermond,coyote,target,-120.4561075,34.51859065,GL
DEC2,D.06.26.23.C2,Urile penicillatus,brandt's cormorant,Brandt's cormorant,Brandt's cormorant,Urile,Phalacrocoracidae,Suliformes,penicillatus,no,Dangermond,coyote,No,-120.4716455,34.45939745,GL
DEC2,D.06.26.23.C2,Urile pelagicus,pelagic cormorant,Pelagic cormorant,Pelagic cormorant,Urile,Phalacrocoracidae,Suliformes,pelagicus,no,Dangermond,coyote,No,-120.4716455,34.45939745,GL
DEC3,D.06.26.23.C3,Canis latrans,coyote,Coyote,Coyote,Canis,Canidae,Carnivora,latrans,Coyote,Dangermond,coyote,target,-120.4717817,34.45965195,GL
DEC3,D.06.26.23.C3,Microtus californicus,california vole,Small rodent,Small rodent,Microtus,Cricetidae,Rodentia,californicus,no,Dangermond,coyote,No,-120.4717817,34.45965195,GL
DEC3,D.06.26.23.C3,Peromyscus maniculatus,deer mouse,Small rodent,Small rodent,Peromyscus,Cricetidae,Rodentia,maniculatus,no,Dangermond,coyote,No,-120.4717817,34.45965195,GL
DEC3,D.06.26.23.C3,Sylvilagus bachmani,brush rabbit,Brush rabbit,Brush rabbit,Sylvilagus,Leporidae,Lagomorpha,bachmani,no,Dangermond,coyote,No,-120.4717817,34.45965195,GL
DEC3,D.06.26.23.C3,Thomomys bottae,botta's pocket gopher,Small rodent,Small rodent,Thomomys,Geomyidae,Rodentia,bottae,no,Dangermond,coyote,No,-120.4717817,34.45965195,GL
DEC3,D.06.26.23.C3,Microtus californicus,california vole,Small rodent,Small rodent,Microtus,Cricetidae,Rodentia,californicus,no,Dangermond,coyote,No,-120.4717817,34.45965195,GL
DEC3,D.06.26.23.C3,Thomomys bottae,botta's pocket gopher,Small rodent,Small rodent,Thomomys,Geomyidae,Rodentia,bottae,no,Dangermond,coyote,No,-120.4717817,34.45965195,GL
DEC3,D.06.26.23.C3,Sylvilagus bachmani,brush rabbit,Brush rabbit,Brush rabbit,Sylvilagus,Leporidae,Lagomorpha,bachmani,no,Dangermond,coyote,No,-120.4717817,34.45965195,GL
DEC3,D.06.26.23.C3,Canis latrans,coyote,Coyote,Coyote,Canis,Canidae,Carnivora,latrans,Coyote,Dangermond,coyote,target,-120.4717817,34.45965195,GL
DEC3,D.06.26.23.C3,Canis latrans,coyote,Coyote,Coyote,Canis,Canidae,Carnivora,latrans,Coyote,Dangermond,coyote,target,-120.4717817,34.45965195,GL
DEC4,D.06.26.23.C4,Canis latrans,coyote,Coyote,Coyote,Canis,Canidae,Carnivora,latrans,Coyote,Dangermond,coyote,target,-120.4720342,34.45978095,GL
DEC4,D.06.26.23.C4,Canis latrans,coyote,Coyote,Coyote,Canis,Canidae,Carnivora,latrans,Coyote,Dangermond,coyote,target,-120.4720342,34.45978095,GL
DEC4,D.06.26.23.C4,Urile penicillatus,brandt's cormorant,Brandt's cormorant,Brandt's cormorant,Urile,Phalacrocoracidae,Suliformes,penicillatus,no,Dangermond,coyote,No,-120.4720342,34.45978095,GL
DEC4,D.06.26.23.C4,Urile penicillatus,brandt's cormorant,Brandt's cormorant,Brandt's cormorant,Urile,Phalacrocoracidae,Suliformes,penicillatus,no,Dangermond,coyote,No,-120.4720342,34.45978095,GL
DEC4,D.06.26.23.C4,Canis latrans,coyote,Coyote,Coyote,Canis,Canidae,Carnivora,latrans,Coyote,Dangermond,coyote,target,-120.4720342,34.45978095,GL
DEC4,D.06.26.23.C4,Canis latrans,coyote,Coyote,Coyote,Canis,Canidae,Carnivora,latrans,Coyote,Dangermond,coyote,target,-120.4720342,34.45978095,GL
DEC5,D.06.26.23.C5,Canis latrans,coyote,Coyote,Coyote,Canis,Canidae,Carnivora,latrans,Coyote,Dangermond,coyote,target,-120.4720537,34.45981754,GL
DEC5,D.06.26.23.C5,Canis latrans,coyote,Coyote,Coyote,Canis,Canidae,Carnivora,latrans,Coyote,Dangermond,coyote,target,-120.4720537,34.45981754,GL
DEC5,D.06.26.23.C5,Turdus migratorius,american robin,Terrestrial bird,Terrestrial bird,Turdus,Turdidae,Passeriformes,migratorius,no,Dangermond,coyote,No,-120.4720537,34.45981754,GL
DEC5,D.06.26.23.C5,Urile penicillatus,brandt's cormorant,Brandt's cormorant,Brandt's cormorant,Urile,Phalacrocoracidae,Suliformes,penicillatus,no,Dangermond,coyote,No,-120.4720537,34.45981754,GL
DEC5,D.06.26.23.C5,Canis latrans,coyote,Coyote,Coyote,Canis,Canidae,Carnivora,latrans,Coyote,Dangermond,coyote,target,-120.4720537,34.45981754,GL
DEC5,D.06.26.23.C5,Canis latrans,coyote,Coyote,Coyote,Canis,Canidae,Carnivora,latrans,Coyote,Dangermond,coyote,target,-120.4720537,34.45981754,GL
DEC6,D.06.26.23.C6,Canis latrans,coyote,Coyote,Coyote,Canis,Canidae,Carnivora,latrans,Coyote,Dangermond,coyote,target,-120.4732591,34.46327309,GL
DEC6,D.06.26.23.C6,Microtus californicus,california vole,Small rodent,Small rodent,Microtus,Cricetidae,Rodentia,californicus,no,Dangermond,coyote,No,-120.4732591,34.46327309,GL
DEC6,D.06.26.23.C6,Neotoma sp,woodrat,Small rodent,Small rodent,Neotoma,Cricetidae,Rodentia,NA,no,Dangermond,coyote,No,-120.4732591,34.46327309,GL
DEC6,D.06.26.23.C6,Neotoma sp,woodrat,Small rodent,Small rodent,Neotoma,Cricetidae,Rodentia,NA,no,Dangermond,coyote,No,-120.4732591,34.46327309,GL
DEC6,D.06.26.23.C6,Neotoma sp,woodrat,Small rodent,Small rodent,Neotoma,Cricetidae,Rodentia,NA,no,Dangermond,coyote,No,-120.4732591,34.46327309,GL
DEC6,D.06.26.23.C6,Peromyscus maniculatus,deer mouse,Small rodent,Small rodent,Peromyscus,Cricetidae,Rodentia,maniculatus,no,Dangermond,coyote,No,-120.4732591,34.46327309,GL
DEC6,D.06.26.23.C6,Urile penicillatus,brandt's cormorant,Brandt's cormorant,Brandt's cormorant,Urile,Phalacrocoracidae,Suliformes,penicillatus,no,Dangermond,coyote,No,-120.4732591,34.46327309,GL
DEC6,D.06.26.23.C6,Canis latrans,coyote,Coyote,Coyote,Canis,Canidae,Carnivora,latrans,Coyote,Dangermond,coyote,target,-120.4732591,34.46327309,GL
DEC6,D.06.26.23.C6,Peromyscus maniculatus,deer mouse,Small rodent,Small rodent,Peromyscus,Cricetidae,Rodentia,maniculatus,no,Dangermond,coyote,No,-120.4732591,34.46327309,GL
DEC6,D.06.26.23.C6,Neotoma sp,woodrat,Small rodent,Small rodent,Neotoma,Cricetidae,Rodentia,NA,no,Dangermond,coyote,No,-120.4732591,34.46327309,GL
DEC6,D.06.26.23.C6,Urile pelagicus,pelagic cormorant,Pelagic cormorant,Pelagic cormorant,Urile,Phalacrocoracidae,Suliformes,pelagicus,no,Dangermond,coyote,No,-120.4732591,34.46327309,GL
DEC7,D.06.26.23.C7,Canis latrans,coyote,Coyote,Coyote,Canis,Canidae,Carnivora,latrans,Coyote,Dangermond,coyote,target,-120.473433,34.46545982,GL
DEC7,D.06.26.23.C7,Bos taurus,domestic cattle,Cattle,Cattle,Bos,Bovidae,Artiodactyla,taurus,no,Dangermond,coyote,No,-120.473433,34.46545982,GL
DEC7,D.06.26.23.C7,Canis latrans,coyote,Coyote,Coyote,Canis,Canidae,Carnivora,latrans,Coyote,Dangermond,coyote,target,-120.473433,34.46545982,GL
DEC7,D.06.26.23.C7,Microtus californicus,california vole,Small rodent,Small rodent,Microtus,Cricetidae,Rodentia,californicus,no,Dangermond,coyote,No,-120.473433,34.46545982,GL
DEC7,D.06.26.23.C7,Microtus californicus,california vole,Small rodent,Small rodent,Microtus,Cricetidae,Rodentia,californicus,no,Dangermond,coyote,No,-120.473433,34.46545982,GL
DEC7,D.06.26.23.C7,Peromyscus maniculatus,deer mouse,Small rodent,Small rodent,Peromyscus,Cricetidae,Rodentia,maniculatus,no,Dangermond,coyote,No,-120.473433,34.46545982,GL
DEC7,D.06.26.23.C7,Peromyscus maniculatus,deer mouse,Small rodent,Small rodent,Peromyscus,Cricetidae,Rodentia,maniculatus,no,Dangermond,coyote,No,-120.473433,34.46545982,GL
DEC7,D.06.26.23.C7,Sus scrofa,wild boar,Wild boar,Wild boar,Sus,Suidae,Artiodactyla,scrofa,Wild boar,Dangermond,coyote,target,-120.473433,34.46545982,GL
DEC7,D.06.26.23.C7,Zalophus californianus,california sea lion,California sea lion,California sea lion,Zalophus,Otariidae,Carnivora,californianus,no,Dangermond,coyote,No,-120.473433,34.46545982,GL
DEC7,D.06.26.23.C7,Thomomys bottae,botta's pocket gopher,Small rodent,Small rodent,Thomomys,Geomyidae,Rodentia,bottae,no,Dangermond,coyote,No,-120.473433,34.46545982,GL
DEC7,D.06.26.23.C7,Canis latrans,coyote,Coyote,Coyote,Canis,Canidae,Carnivora,latrans,Coyote,Dangermond,coyote,target,-120.473433,34.46545982,GL
DEC8,D.06.26.23.C8,Canis latrans,coyote,Coyote,Coyote,Canis,Canidae,Carnivora,latrans,Coyote,Dangermond,coyote,target,-120.4735271,34.46557886,GL
DEC8,D.06.26.23.C8,Canis latrans,coyote,Coyote,Coyote,Canis,Canidae,Carnivora,latrans,Coyote,Dangermond,coyote,target,-120.4735271,34.46557886,GL
DEC8,D.06.26.23.C8,Canis latrans,coyote,Coyote,Coyote,Canis,Canidae,Carnivora,latrans,Coyote,Dangermond,coyote,target,-120.4735271,34.46557886,GL
DEC8,D.06.26.23.C8,Peromyscus maniculatus,deer mouse,Small rodent,Small rodent,Peromyscus,Cricetidae,Rodentia,maniculatus,no,Dangermond,coyote,No,-120.4735271,34.46557886,GL
DEC8,D.06.26.23.C8,Canis latrans,coyote,Coyote,Coyote,Canis,Canidae,Carnivora,latrans,Coyote,Dangermond,coyote,target,-120.4735271,34.46557886,GL
DEC8,D.06.26.23.C8,Canis latrans,coyote,Coyote,Coyote,Canis,Canidae,Carnivora,latrans,Coyote,Dangermond,coyote,target,-120.4735271,34.46557886,GL
DEC8,D.06.26.23.C8,Canis latrans,coyote,Coyote,Coyote,Canis,Canidae,Carnivora,latrans,Coyote,Dangermond,coyote,target,-120.4735271,34.46557886,GL
DEC10,D.06.26.23.C10,Canis latrans,coyote,Coyote,Coyote,Canis,Canidae,Carnivora,latrans,Coyote,Dangermond,coyote,target,-120.4733269,34.46779068,GL
DEC10,D.06.26.23.C10,Peromyscus maniculatus,deer mouse,Small rodent,Small rodent,Peromyscus,Cricetidae,Rodentia,maniculatus,no,Dangermond,coyote,No,-120.4733269,34.46779068,GL
DEC10,D.06.26.23.C10,Peromyscus maniculatus,deer mouse,Small rodent,Small rodent,Peromyscus,Cricetidae,Rodentia,maniculatus,no,Dangermond,coyote,No,-120.4733269,34.46779068,GL
DEC10,D.06.26.23.C10,Sylvilagus bachmani,brush rabbit,Brush rabbit,Brush rabbit,Sylvilagus,Leporidae,Lagomorpha,bachmani,no,Dangermond,coyote,No,-120.4733269,34.46779068,GL
DEC10,D.06.26.23.C10,Thomomys bottae,botta's pocket gopher,Small rodent,Small rodent,Thomomys,Geomyidae,Rodentia,bottae,no,Dangermond,coyote,No,-120.4733269,34.46779068,GL
DEC10,D.06.26.23.C10,Canis latrans,coyote,Coyote,Coyote,Canis,Canidae,Carnivora,latrans,Coyote,Dangermond,coyote,target,-120.4733269,34.46779068,GL
DEC10,D.06.26.23.C10,Reithrodontomys megalotis,western harvest mouse,Small rodent,Small rodent,Reithrodontomys,Cricetidae,Rodentia,megalotis,no,Dangermond,coyote,No,-120.4733269,34.46779068,GL
DEC10,D.06.26.23.C10,Thomomys bottae,botta's pocket gopher,Small rodent,Small rodent,Thomomys,Geomyidae,Rodentia,bottae,no,Dangermond,coyote,No,-120.4733269,34.46779068,GL
DEC10,D.06.26.23.C10,Sylvilagus bachmani,brush rabbit,Brush rabbit,Brush rabbit,Sylvilagus,Leporidae,Lagomorpha,bachmani,no,Dangermond,coyote,No,-120.4733269,34.46779068,GL
DEC11,D.06.26.23.C11,Canis latrans,coyote,Coyote,Coyote,Canis,Canidae,Carnivora,latrans,Coyote,Dangermond,coyote,target,-120.4733293,34.46779098,GL
DEC11,D.06.26.23.C11,Canis latrans,coyote,Coyote,Coyote,Canis,Canidae,Carnivora,latrans,Coyote,Dangermond,coyote,target,-120.4733293,34.46779098,GL
DEC11,D.06.26.23.C11,Sylvilagus bachmani,brush rabbit,Brush rabbit,Brush rabbit,Sylvilagus,Leporidae,Lagomorpha,bachmani,no,Dangermond,coyote,No,-120.4733293,34.46779098,GL
DEC11,D.06.26.23.C11,Sylvilagus bachmani,brush rabbit,Brush rabbit,Brush rabbit,Sylvilagus,Leporidae,Lagomorpha,bachmani,no,Dangermond,coyote,No,-120.4733293,34.46779098,GL
DEC11,D.06.26.23.C11,Stenopelmatus sp,cricket,Terrestrial insect,Terrestrial insect,Stenopelmatus,Stenopelmatidae,Orthoptera,NA,no,Dangermond,coyote,No,-120.4733293,34.46779098,GL
DEC11,D.06.26.23.C11,Canis latrans,coyote,Coyote,Coyote,Canis,Canidae,Carnivora,latrans,Coyote,Dangermond,coyote,target,-120.4733293,34.46779098,GL
DEC11,D.06.26.23.C11,Onthophagus sp,dung beetle,Terrestrial insect,Terrestrial insect,Onthophagus,Scarabaeidae,Coleoptera,NA,no,Dangermond,coyote,No,-120.4733293,34.46779098,GL
DEC11,D.06.26.23.C11,Canis latrans,coyote,Coyote,Coyote,Canis,Canidae,Carnivora,latrans,Coyote,Dangermond,coyote,target,-120.4733293,34.46779098,GL
DEC12,D.06.26.23.C12,Canis latrans,coyote,Coyote,Coyote,Canis,Canidae,Carnivora,latrans,Coyote,Dangermond,coyote,target,-120.4732961,34.46780223,GL
DEC12,D.06.26.23.C12,Urile penicillatus,brandt's cormorant,Brandt's cormorant,Brandt's cormorant,Urile,Phalacrocoracidae,Suliformes,penicillatus,no,Dangermond,coyote,No,-120.4732961,34.46780223,GL
DEC12,D.06.26.23.C12,Sus scrofa,wild boar,Wild boar,Wild boar,Sus,Suidae,Artiodactyla,scrofa,Wild boar,Dangermond,coyote,target,-120.4732961,34.46780223,GL
DEC13,D.06.26.23.C13,Canis latrans,coyote,Coyote,Coyote,Canis,Canidae,Carnivora,latrans,Coyote,Dangermond,coyote,target,-120.472985,34.46001891,GL
DEC13,D.06.26.23.C13,Peromyscus maniculatus,deer mouse,Small rodent,Small rodent,Peromyscus,Cricetidae,Rodentia,maniculatus,no,Dangermond,coyote,No,-120.472985,34.46001891,GL
DEC13,D.06.26.23.C13,Zalophus californianus,california sea lion,California sea lion,California sea lion,Zalophus,Otariidae,Carnivora,californianus,no,Dangermond,coyote,No,-120.472985,34.46001891,GL
DEC13,D.06.26.23.C13,Thomomys bottae,botta's pocket gopher,Small rodent,Small rodent,Thomomys,Geomyidae,Rodentia,bottae,no,Dangermond,coyote,No,-120.472985,34.46001891,GL
DEC13,D.06.26.23.C13,Canis latrans,coyote,Coyote,Coyote,Canis,Canidae,Carnivora,latrans,Coyote,Dangermond,coyote,target,-120.472985,34.46001891,GL
DEC13,D.06.26.23.C13,Canis latrans,coyote,Coyote,Coyote,Canis,Canidae,Carnivora,latrans,Coyote,Dangermond,coyote,target,-120.472985,34.46001891,GL
CABC1,C.08.14.23.C1,Bos taurus,domestic cattle,Cattle,Cattle,Bos,Bovidae,Artiodactyla,taurus,no,Coal Oil Point,coyote,No,-119.879453,34.41458561,GL
CABC1,C.08.14.23.C1,Bos taurus,domestic cattle,Cattle,Cattle,Bos,Bovidae,Artiodactyla,taurus,no,Coal Oil Point,coyote,No,-119.879453,34.41458561,GL
CABC1,C.08.14.23.C1,Canis latrans,coyote,Coyote,Coyote,Canis,Canidae,Carnivora,latrans,Coyote,Coal Oil Point,coyote,target,-119.879453,34.41458561,GL
CABC1,C.08.14.23.C1,Gallus gallus,chicken,Terrestrial bird,Terrestrial bird,Gallus,Phasianidae,Galliformes,gallus,no,Coal Oil Point,coyote,No,-119.879453,34.41458561,GL
CABC1,C.08.14.23.C1,Gallus gallus,chicken,Terrestrial bird,Terrestrial bird,Gallus,Phasianidae,Galliformes,gallus,no,Coal Oil Point,coyote,No,-119.879453,34.41458561,GL
CABC1,C.08.14.23.C1,Bos taurus,domestic cattle,Cattle,Cattle,Bos,Bovidae,Artiodactyla,taurus,no,Coal Oil Point,coyote,No,-119.879453,34.41458561,GL
CABC1,C.08.14.23.C1,Canis latrans,coyote,Coyote,Coyote,Canis,Canidae,Carnivora,latrans,Coyote,Coal Oil Point,coyote,target,-119.879453,34.41458561,GL
CABC1,C.08.14.23.C1,Canis latrans,coyote,Coyote,Coyote,Canis,Canidae,Carnivora,latrans,Coyote,Coal Oil Point,coyote,target,-119.879453,34.41458561,GL
CACC1,C.08.17.23.C1,Urocyon cinereoargenteus,grey fox,Grey fox,Grey fox,Urocyon,Canidae,Carnivora,cinereoargenteus,no,Coal Oil Point,coyote,No,-119.8777584,34.41680041,GL
CACC1,C.08.17.23.C1,Urocyon cinereoargenteus,grey fox,Grey fox,Grey fox,Urocyon,Canidae,Carnivora,cinereoargenteus,no,Coal Oil Point,coyote,No,-119.8777584,34.41680041,GL
CACC1,C.08.17.23.C1,Urocyon cinereoargenteus,grey fox,Grey fox,Grey fox,Urocyon,Canidae,Carnivora,cinereoargenteus,no,Coal Oil Point,coyote,No,-119.8777584,34.41680041,GL
CAEC2,C.08.19.23.C2,Spermophillus beecheyi,california ground squirrel,Small rodent,Small rodent,Spermophillus,Sciuridae,Rodentia,beecheyi,no,Coal Oil Point,coyote,No,NA,NA,GL
CAEC2,C.08.19.23.C2,Canis latrans,coyote,Coyote,Coyote,Canis,Canidae,Carnivora,latrans,Coyote,Coal Oil Point,coyote,target,NA,NA,GL
CAEC2,C.08.19.23.C2,Spermophillus beecheyi,california ground squirrel,Small rodent,Small rodent,Spermophillus,Sciuridae,Rodentia,beecheyi,no,Coal Oil Point,coyote,No,NA,NA,GL
CAEC2,C.08.19.23.C2,Spermophillus beecheyi,california ground squirrel,Small rodent,Small rodent,Spermophillus,Sciuridae,Rodentia,beecheyi,no,Coal Oil Point,coyote,No,NA,NA,GL
CAEC2,C.08.19.23.C2,Spermophillus beecheyi,california ground squirrel,Small rodent,Small rodent,Spermophillus,Sciuridae,Rodentia,beecheyi,no,Coal Oil Point,coyote,No,NA,NA,GL
CAEC2,C.08.19.23.C2,Spermophillus beecheyi,california ground squirrel,Small rodent,Small rodent,Spermophillus,Sciuridae,Rodentia,beecheyi,no,Coal Oil Point,coyote,No,NA,NA,GL
CAEC2,C.08.19.23.C2,Canis latrans,coyote,Coyote,Coyote,Canis,Canidae,Carnivora,latrans,Coyote,Coal Oil Point,coyote,target,NA,NA,GL
CAEC2,C.08.19.23.C2,Canis latrans,coyote,Coyote,Coyote,Canis,Canidae,Carnivora,latrans,Coyote,Coal Oil Point,coyote,target,NA,NA,GL
CAEC2,C.08.19.23.C2,Spermophillus beecheyi,california ground squirrel,Small rodent,Small rodent,Spermophillus,Sciuridae,Rodentia,beecheyi,no,Coal Oil Point,coyote,No,NA,NA,GL
CAEC2,C.08.19.23.C2,Peromyscus maniculatus,deer mouse,Small rodent,Small rodent,Peromyscus,Cricetidae,Rodentia,maniculatus,no,Coal Oil Point,coyote,No,NA,NA,GL
CAEC2,C.08.19.23.C2,Canis latrans,coyote,Coyote,Coyote,Canis,Canidae,Carnivora,latrans,Coyote,Coal Oil Point,coyote,target,NA,NA,GL
CAEC2,C.08.19.23.C2,Canis latrans,coyote,Coyote,Coyote,Canis,Canidae,Carnivora,latrans,Coyote,Coal Oil Point,coyote,target,NA,NA,GL
CAEC2,C.08.19.23.C2,Canis latrans,coyote,Coyote,Coyote,Canis,Canidae,Carnivora,latrans,Coyote,Coal Oil Point,coyote,target,NA,NA,GL
CAEC3,C.08.19.23.C3,Spermophillus beecheyi,california ground squirrel,Small rodent,Small rodent,Spermophillus,Sciuridae,Rodentia,beecheyi,no,Coal Oil Point,coyote,No,NA,NA,GL
CAEC3,C.08.19.23.C3,Canis latrans,coyote,Coyote,Coyote,Canis,Canidae,Carnivora,latrans,Coyote,Coal Oil Point,coyote,target,NA,NA,GL
CAEC3,C.08.19.23.C3,Microtus californicus,california vole,Small rodent,Small rodent,Microtus,Cricetidae,Rodentia,californicus,no,Coal Oil Point,coyote,No,NA,NA,GL
CAEC3,C.08.19.23.C3,Canis latrans,coyote,Coyote,Coyote,Canis,Canidae,Carnivora,latrans,Coyote,Coal Oil Point,coyote,target,NA,NA,GL
CBF1,C.06.16.23.F1,Canis latrans,coyote,Coyote,Coyote,Canis,Canidae,Carnivora,latrans,Coyote,Coal Oil Point,fox,target,-119.8777,34.41363,GL
CBF1,C.06.16.23.F1,Canis latrans,coyote,Coyote,Coyote,Canis,Canidae,Carnivora,latrans,Coyote,Coal Oil Point,fox,target,-119.8777,34.41363,GL
CBF1,C.06.16.23.F1,Gallus gallus,chicken,Terrestrial bird,Terrestrial bird,Gallus,Phasianidae,Galliformes,gallus,no,Coal Oil Point,fox,No,-119.8777,34.41363,GL
CBF1,C.06.16.23.F1,Sus scrofa,wild boar,Wild boar,Wild boar,Sus,Suidae,Artiodactyla,scrofa,Wild boar,Coal Oil Point,fox,target,-119.8777,34.41363,GL
CBF1,C.06.16.23.F1,Canis latrans,coyote,Coyote,Coyote,Canis,Canidae,Carnivora,latrans,Coyote,Coal Oil Point,fox,target,-119.8777,34.41363,GL
CBF1,C.06.16.23.F1,Canis latrans,coyote,Coyote,Coyote,Canis,Canidae,Carnivora,latrans,Coyote,Coal Oil Point,fox,target,-119.8777,34.41363,GL
CBF1,C.06.16.23.F1,Canis latrans,coyote,Coyote,Coyote,Canis,Canidae,Carnivora,latrans,Coyote,Coal Oil Point,fox,target,-119.8777,34.41363,GL
CHC1,C.06.29.23.C1,Canis latrans,coyote,Coyote,Coyote,Canis,Canidae,Carnivora,latrans,Coyote,Coal Oil Point,coyote,target,-119.8804213,34.41519772,GL
CHC1,C.06.29.23.C1,Gallus gallus,chicken,Terrestrial bird,Terrestrial bird,Gallus,Phasianidae,Galliformes,gallus,no,Coal Oil Point,coyote,No,-119.8804213,34.41519772,GL
CHC1,C.06.29.23.C1,Canis latrans,coyote,Coyote,Coyote,Canis,Canidae,Carnivora,latrans,Coyote,Coal Oil Point,coyote,target,-119.8804213,34.41519772,GL
CHC1,C.06.29.23.C1,Canis latrans,coyote,Coyote,Coyote,Canis,Canidae,Carnivora,latrans,Coyote,Coal Oil Point,coyote,target,-119.8804213,34.41519772,GL
CHC2,C.06.29.23.C2,Canis latrans,coyote,Coyote,Coyote,Canis,Canidae,Carnivora,latrans,Coyote,Coal Oil Point,coyote,target,-119.881257,34.41315516,GL
CHC2,C.06.29.23.C2,Canis latrans,coyote,Coyote,Coyote,Canis,Canidae,Carnivora,latrans,Coyote,Coal Oil Point,coyote,target,-119.881257,34.41315516,GL
CHC2,C.06.29.23.C2,Canis latrans,coyote,Coyote,Coyote,Canis,Canidae,Carnivora,latrans,Coyote,Coal Oil Point,coyote,target,-119.881257,34.41315516,GL
CHC2,C.06.29.23.C2,Canis latrans,coyote,Coyote,Coyote,Canis,Canidae,Carnivora,latrans,Coyote,Coal Oil Point,coyote,target,-119.881257,34.41315516,GL
CIB1,C.07.06.23.B1,Canis latrans,coyote,Coyote,Coyote,Canis,Canidae,Carnivora,latrans,Coyote,Coal Oil Point,bobcat,target,-119.880629,34.41296065,GL
CIB1,C.07.06.23.B1,Canis latrans,coyote,Coyote,Coyote,Canis,Canidae,Carnivora,latrans,Coyote,Coal Oil Point,bobcat,target,-119.880629,34.41296065,GL
CIB1,C.07.06.23.B1,Sylvilagus bachmani,brush rabbit,Brush rabbit,Brush rabbit,Sylvilagus,Leporidae,Lagomorpha,bachmani,no,Coal Oil Point,bobcat,No,-119.880629,34.41296065,GL
CIB1,C.07.06.23.B1,Canis latrans,coyote,Coyote,Coyote,Canis,Canidae,Carnivora,latrans,Coyote,Coal Oil Point,bobcat,target,-119.880629,34.41296065,GL
CIB1,C.07.06.23.B1,Canis latrans,coyote,Coyote,Coyote,Canis,Canidae,Carnivora,latrans,Coyote,Coal Oil Point,bobcat,target,-119.880629,34.41296065,GL
CIC1,C.07.06.23.C1,Canis latrans,coyote,Coyote,Coyote,Canis,Canidae,Carnivora,latrans,Coyote,Coal Oil Point,coyote,target,-119.8811203,34.4164735,GL
CIC1,C.07.06.23.C1,Canis latrans,coyote,Coyote,Coyote,Canis,Canidae,Carnivora,latrans,Coyote,Coal Oil Point,coyote,target,-119.8811203,34.4164735,GL
CIC1,C.07.06.23.C1,Canis latrans,coyote,Coyote,Coyote,Canis,Canidae,Carnivora,latrans,Coyote,Coal Oil Point,coyote,target,-119.8811203,34.4164735,GL
CKC1,C.07.12.23.C1,Canis latrans,coyote,Coyote,Coyote,Canis,Canidae,Carnivora,latrans,Coyote,Coal Oil Point,coyote,target,-119.8811344,34.41584145,GL
CKC1,C.07.12.23.C1,Sylvilagus bachmani,brush rabbit,Brush rabbit,Brush rabbit,Sylvilagus,Leporidae,Lagomorpha,bachmani,no,Coal Oil Point,coyote,No,-119.8811344,34.41584145,GL
CKC1,C.07.12.23.C1,Canis latrans,coyote,Coyote,Coyote,Canis,Canidae,Carnivora,latrans,Coyote,Coal Oil Point,coyote,target,-119.8811344,34.41584145,GL
CKC1,C.07.12.23.C1,Sylvilagus bachmani,brush rabbit,Brush rabbit,Brush rabbit,Sylvilagus,Leporidae,Lagomorpha,bachmani,no,Coal Oil Point,coyote,No,-119.8811344,34.41584145,GL
CKC1,C.07.12.23.C1,Sylvilagus bachmani,brush rabbit,Brush rabbit,Brush rabbit,Sylvilagus,Leporidae,Lagomorpha,bachmani,no,Coal Oil Point,coyote,No,-119.8811344,34.41584145,GL
CKC1,C.07.12.23.C1,Canis latrans,coyote,Coyote,Coyote,Canis,Canidae,Carnivora,latrans,Coyote,Coal Oil Point,coyote,target,-119.8811344,34.41584145,GL
CKC2,C.07.12.23.C2,Canis latrans,coyote,Coyote,Coyote,Canis,Canidae,Carnivora,latrans,Coyote,Coal Oil Point,coyote,target,-119.880771,34.41540984,GL
CKC2,C.07.12.23.C2,Canis latrans,coyote,Coyote,Coyote,Canis,Canidae,Carnivora,latrans,Coyote,Coal Oil Point,coyote,target,-119.880771,34.41540984,GL
CKC2,C.07.12.23.C2,Sylvilagus bachmani,brush rabbit,Brush rabbit,Brush rabbit,Sylvilagus,Leporidae,Lagomorpha,bachmani,no,Coal Oil Point,coyote,No,-119.880771,34.41540984,GL
CKC2,C.07.12.23.C2,Corvus corax,common raven,Terrestrial bird,Terrestrial bird,Corvus,Corvidae,Passeriformes,corax,no,Coal Oil Point,coyote,No,-119.880771,34.41540984,GL
CKC2,C.07.12.23.C2,Canis latrans,coyote,Coyote,Coyote,Canis,Canidae,Carnivora,latrans,Coyote,Coal Oil Point,coyote,target,-119.880771,34.41540984,GL
CKC3,C.07.12.23.C3,Canis latrans,coyote,Coyote,Coyote,Canis,Canidae,Carnivora,latrans,Coyote,Coal Oil Point,coyote,target,-119.8794748,34.41469753,GL
CKC3,C.07.12.23.C3,Canis latrans,coyote,Coyote,Coyote,Canis,Canidae,Carnivora,latrans,Coyote,Coal Oil Point,coyote,target,-119.8794748,34.41469753,GL
CKC3,C.07.12.23.C3,Melospiza melodia,song sparrow,Terrestrial bird,Terrestrial bird,Melospiza,Passerellidae,Passeriformes,melodia,no,Coal Oil Point,coyote,No,-119.8794748,34.41469753,GL
CKC3,C.07.12.23.C3,Sylvilagus bachmani,brush rabbit,Brush rabbit,Brush rabbit,Sylvilagus,Leporidae,Lagomorpha,bachmani,no,Coal Oil Point,coyote,No,-119.8794748,34.41469753,GL
CKC3,C.07.12.23.C3,Corvus corax,common raven,Terrestrial bird,Terrestrial bird,Corvus,Corvidae,Passeriformes,corax,no,Coal Oil Point,coyote,No,-119.8794748,34.41469753,GL
CKC3,C.07.12.23.C3,Canis latrans,coyote,Coyote,Coyote,Canis,Canidae,Carnivora,latrans,Coyote,Coal Oil Point,coyote,target,-119.8794748,34.41469753,GL
CKC4,C.07.12.23.C4,Canis latrans,coyote,Coyote,Coyote,Canis,Canidae,Carnivora,latrans,Coyote,Coal Oil Point,coyote,target,-119.8790942,34.41421902,GL
CKC4,C.07.12.23.C4,Canis latrans,coyote,Coyote,Coyote,Canis,Canidae,Carnivora,latrans,Coyote,Coal Oil Point,coyote,target,-119.8790942,34.41421902,GL
CKC4,C.07.12.23.C4,Microtus californicus,california vole,Small rodent,Small rodent,Microtus,Cricetidae,Rodentia,californicus,no,Coal Oil Point,coyote,No,-119.8790942,34.41421902,GL
CKC4,C.07.12.23.C4,Canis latrans,coyote,Coyote,Coyote,Canis,Canidae,Carnivora,latrans,Coyote,Coal Oil Point,coyote,target,-119.8790942,34.41421902,GL
CKC5,C.07.12.23.C5,Canis latrans,coyote,Coyote,Coyote,Canis,Canidae,Carnivora,latrans,Coyote,Coal Oil Point,coyote,target,-119.8795097,34.41300588,GL
CKC5,C.07.12.23.C5,Canis latrans,coyote,Coyote,Coyote,Canis,Canidae,Carnivora,latrans,Coyote,Coal Oil Point,coyote,target,-119.8795097,34.41300588,GL
CKC5,C.07.12.23.C5,Meleagris gallopavo,wild turkey,Terrestrial bird,Terrestrial bird,Meleagris,Phasianidae,Galliformes,gallopavo,no,Coal Oil Point,coyote,No,-119.8795097,34.41300588,GL
CKC5,C.07.12.23.C5,Canis latrans,coyote,Coyote,Coyote,Canis,Canidae,Carnivora,latrans,Coyote,Coal Oil Point,coyote,target,-119.8795097,34.41300588,GL
CKC5,C.07.12.23.C5,Canis latrans,coyote,Coyote,Coyote,Canis,Canidae,Carnivora,latrans,Coyote,Coal Oil Point,coyote,target,-119.8795097,34.41300588,GL
CMC1,C.07.15.23.C1,Spermophillus beecheyi,california ground squirrel,Small rodent,Small rodent,Spermophillus,Sciuridae,Rodentia,beecheyi,no,Coal Oil Point,coyote,No,-119.8793886,34.41289199,GL
CMC1,C.07.15.23.C1,Spermophillus beecheyi,california ground squirrel,Small rodent,Small rodent,Spermophillus,Sciuridae,Rodentia,beecheyi,no,Coal Oil Point,coyote,No,-119.8793886,34.41289199,GL
CMC1,C.07.15.23.C1,Canis latrans,coyote,Coyote,Coyote,Canis,Canidae,Carnivora,latrans,Coyote,Coal Oil Point,coyote,target,-119.8793886,34.41289199,GL
CMC1,C.07.15.23.C1,Sylvilagus bachmani,brush rabbit,Brush rabbit,Brush rabbit,Sylvilagus,Leporidae,Lagomorpha,bachmani,no,Coal Oil Point,coyote,No,-119.8793886,34.41289199,GL
CMC1,C.07.15.23.C1,Sylvilagus bachmani,brush rabbit,Brush rabbit,Brush rabbit,Sylvilagus,Leporidae,Lagomorpha,bachmani,no,Coal Oil Point,coyote,No,-119.8793886,34.41289199,GL
CMC1,C.07.15.23.C1,Spermophillus beecheyi,california ground squirrel,Small rodent,Small rodent,Spermophillus,Sciuridae,Rodentia,beecheyi,no,Coal Oil Point,coyote,No,-119.8793886,34.41289199,GL
CMC1,C.07.15.23.C1,Canis latrans,coyote,Coyote,Coyote,Canis,Canidae,Carnivora,latrans,Coyote,Coal Oil Point,coyote,target,-119.8793886,34.41289199,GL
CMC2,C.07.15.23.C2,Canis latrans,coyote,Coyote,Coyote,Canis,Canidae,Carnivora,latrans,Coyote,Coal Oil Point,coyote,target,-119.8811469,34.41651506,GL
CMC2,C.07.15.23.C2,Sylvilagus bachmani,brush rabbit,Brush rabbit,Brush rabbit,Sylvilagus,Leporidae,Lagomorpha,bachmani,no,Coal Oil Point,coyote,No,-119.8811469,34.41651506,GL
CMC2,C.07.15.23.C2,Sylvilagus bachmani,brush rabbit,Brush rabbit,Brush rabbit,Sylvilagus,Leporidae,Lagomorpha,bachmani,no,Coal Oil Point,coyote,No,-119.8811469,34.41651506,GL
CMC2,C.07.15.23.C2,Canis latrans,coyote,Coyote,Coyote,Canis,Canidae,Carnivora,latrans,Coyote,Coal Oil Point,coyote,target,-119.8811469,34.41651506,GL
CNC1,C.07.17.23.C1,Canis latrans,coyote,Coyote,Coyote,Canis,Canidae,Carnivora,latrans,Coyote,Coal Oil Point,coyote,target,-119.8774111,34.41625971,GL
CNC1,C.07.17.23.C1,Bos taurus,domestic cattle,Cattle,Cattle,Bos,Bovidae,Artiodactyla,taurus,no,Coal Oil Point,coyote,No,-119.8774111,34.41625971,GL
CNC1,C.07.17.23.C1,Canis latrans,coyote,Coyote,Coyote,Canis,Canidae,Carnivora,latrans,Coyote,Coal Oil Point,coyote,target,-119.8774111,34.41625971,GL
CNC1,C.07.17.23.C1,Canis latrans,coyote,Coyote,Coyote,Canis,Canidae,Carnivora,latrans,Coyote,Coal Oil Point,coyote,target,-119.8774111,34.41625971,GL
CNC1,C.07.17.23.C1,Canis latrans,coyote,Coyote,Coyote,Canis,Canidae,Carnivora,latrans,Coyote,Coal Oil Point,coyote,target,-119.8774111,34.41625971,GL
CNC1,C.07.17.23.C1,Canis latrans,coyote,Coyote,Coyote,Canis,Canidae,Carnivora,latrans,Coyote,Coal Oil Point,coyote,target,-119.8774111,34.41625971,GL
CSC1,C.07.24.23.C1,Canis latrans,coyote,Coyote,Coyote,Canis,Canidae,Carnivora,latrans,Coyote,Coal Oil Point,coyote,target,-119.8810884,34.41675396,GL
CSC1,C.07.24.23.C1,Spermophillus beecheyi,california ground squirrel,Small rodent,Small rodent,Spermophillus,Sciuridae,Rodentia,beecheyi,no,Coal Oil Point,coyote,No,-119.8810884,34.41675396,GL
CSC1,C.07.24.23.C1,Spermophillus beecheyi,california ground squirrel,Small rodent,Small rodent,Spermophillus,Sciuridae,Rodentia,beecheyi,no,Coal Oil Point,coyote,No,-119.8810884,34.41675396,GL
CSC1,C.07.24.23.C1,Canis latrans,coyote,Coyote,Coyote,Canis,Canidae,Carnivora,latrans,Coyote,Coal Oil Point,coyote,target,-119.8810884,34.41675396,GL
CSC1,C.07.24.23.C1,Canis latrans,coyote,Coyote,Coyote,Canis,Canidae,Carnivora,latrans,Coyote,Coal Oil Point,coyote,target,-119.8810884,34.41675396,GL
CSC1,C.07.24.23.C1,Peromyscus maniculatus,deer mouse,Small rodent,Small rodent,Peromyscus,Cricetidae,Rodentia,maniculatus,no,Coal Oil Point,coyote,No,-119.8810884,34.41675396,GL
CSC1,C.07.24.23.C1,Peromyscus maniculatus,deer mouse,Small rodent,Small rodent,Peromyscus,Cricetidae,Rodentia,maniculatus,no,Coal Oil Point,coyote,No,-119.8810884,34.41675396,GL
CSC1,C.07.24.23.C1,Canis latrans,coyote,Coyote,Coyote,Canis,Canidae,Carnivora,latrans,Coyote,Coal Oil Point,coyote,target,-119.8810884,34.41675396,GL
CSC1,C.07.24.23.C1,Canis latrans,coyote,Coyote,Coyote,Canis,Canidae,Carnivora,latrans,Coyote,Coal Oil Point,coyote,target,-119.8810884,34.41675396,GL
CYC1,C.08.07.23.C1,Canis latrans,coyote,Coyote,Coyote,Canis,Canidae,Carnivora,latrans,Coyote,Coal Oil Point,coyote,target,-119.8809821,34.41562313,GL
CYC1,C.08.07.23.C1,Peromyscus maniculatus,deer mouse,Small rodent,Small rodent,Peromyscus,Cricetidae,Rodentia,maniculatus,no,Coal Oil Point,coyote,No,-119.8809821,34.41562313,GL
CYC1,C.08.07.23.C1,Canis latrans,coyote,Coyote,Coyote,Canis,Canidae,Carnivora,latrans,Coyote,Coal Oil Point,coyote,target,-119.8809821,34.41562313,GL
CYC2,C.08.07.23.C2,Spermophillus beecheyi,california ground squirrel,Small rodent,Small rodent,Spermophillus,Sciuridae,Rodentia,beecheyi,no,Coal Oil Point,coyote,No,-119.879455,34.41301356,GL
CYC2,C.08.07.23.C2,Canis latrans,coyote,Coyote,Coyote,Canis,Canidae,Carnivora,latrans,Coyote,Coal Oil Point,coyote,target,-119.879455,34.41301356,GL
CYC2,C.08.07.23.C2,Peromyscus maniculatus,deer mouse,Small rodent,Small rodent,Peromyscus,Cricetidae,Rodentia,maniculatus,no,Coal Oil Point,coyote,No,-119.879455,34.41301356,GL
CYC2,C.08.07.23.C2,Peromyscus maniculatus,deer mouse,Small rodent,Small rodent,Peromyscus,Cricetidae,Rodentia,maniculatus,no,Coal Oil Point,coyote,No,-119.879455,34.41301356,GL
CYC2,C.08.07.23.C2,Plestiodon skiltonianus,skilton's skink,Reptile,Reptile/amphibian,Plestiodon,Scincidae,Squamata,skiltonianus,no,Coal Oil Point,coyote,No,-119.879455,34.41301356,GL
CYC2,C.08.07.23.C2,Spermophillus beecheyi,california ground squirrel,Small rodent,Small rodent,Spermophillus,Sciuridae,Rodentia,beecheyi,no,Coal Oil Point,coyote,No,-119.879455,34.41301356,GL
CYC2,C.08.07.23.C2,Canis latrans,coyote,Coyote,Coyote,Canis,Canidae,Carnivora,latrans,Coyote,Coal Oil Point,coyote,target,-119.879455,34.41301356,GL
DAB1,D.06.14.23.B1,Canis latrans,coyote,Coyote,Coyote,Canis,Canidae,Carnivora,latrans,Coyote,Dangermond,bobcat,target,-120.45304,34.44623,GL
DAB1,D.06.14.23.B1,Peromyscus maniculatus,deer mouse,Small rodent,Small rodent,Peromyscus,Cricetidae,Rodentia,maniculatus,no,Dangermond,bobcat,No,-120.45304,34.44623,GL
DAB1,D.06.14.23.B1,Peromyscus maniculatus,deer mouse,Small rodent,Small rodent,Peromyscus,Cricetidae,Rodentia,maniculatus,no,Dangermond,bobcat,No,-120.45304,34.44623,GL
DAB1,D.06.14.23.B1,Thomomys bottae,botta's pocket gopher,Small rodent,Small rodent,Thomomys,Geomyidae,Rodentia,bottae,no,Dangermond,bobcat,No,-120.45304,34.44623,GL
DAB1,D.06.14.23.B1,Thomomys bottae,botta's pocket gopher,Small rodent,Small rodent,Thomomys,Geomyidae,Rodentia,bottae,no,Dangermond,bobcat,No,-120.45304,34.44623,GL
DAB1,D.06.14.23.B1,Thomomys bottae,botta's pocket gopher,Small rodent,Small rodent,Thomomys,Geomyidae,Rodentia,bottae,no,Dangermond,bobcat,No,-120.45304,34.44623,GL
DAB1,D.06.14.23.B1,Thomomys bottae,botta's pocket gopher,Small rodent,Small rodent,Thomomys,Geomyidae,Rodentia,bottae,no,Dangermond,bobcat,No,-120.45304,34.44623,GL
DAB1,D.06.14.23.B1,Canis latrans,coyote,Coyote,Coyote,Canis,Canidae,Carnivora,latrans,Coyote,Dangermond,bobcat,target,-120.45304,34.44623,GL
DABB1,D.08.14.23.B1,Lynx rufus,bobcat,Bobcat,Bobcat,Lynx,Felidae,Carnivora,rufus,Bobcat,Dangermond,bobcat,target,-120.4447471,34.46063389,GL
DABB1,D.08.14.23.B1,Peromyscus maniculatus,deer mouse,Small rodent,Small rodent,Peromyscus,Cricetidae,Rodentia,maniculatus,no,Dangermond,bobcat,No,-120.4447471,34.46063389,GL
DABB1,D.08.14.23.B1,Lynx rufus,bobcat,Bobcat,Bobcat,Lynx,Felidae,Carnivora,rufus,Bobcat,Dangermond,bobcat,target,-120.4447471,34.46063389,GL
DABB1,D.08.14.23.B1,Thomomys bottae,botta's pocket gopher,Small rodent,Small rodent,Thomomys,Geomyidae,Rodentia,bottae,no,Dangermond,bobcat,No,-120.4447471,34.46063389,GL
DABB2,D.08.14.23.B2,Lynx rufus,bobcat,Bobcat,Bobcat,Lynx,Felidae,Carnivora,rufus,Bobcat,Dangermond,bobcat,target,-120.4447396,34.46063476,GL
DABB2,D.08.14.23.B2,Odocoileus hemionus,mule deer,Mule deer,Mule deer,Odocoileus,Cervidae,Artiodactyla,hemionus,Mule deer,Dangermond,bobcat,target,-120.4447396,34.46063476,GL
DABB2,D.08.14.23.B2,Thomomys bottae,botta's pocket gopher,Small rodent,Small rodent,Thomomys,Geomyidae,Rodentia,bottae,no,Dangermond,bobcat,No,-120.4447396,34.46063476,GL
DABB2,D.08.14.23.B2,Lynx rufus,bobcat,Bobcat,Bobcat,Lynx,Felidae,Carnivora,rufus,Bobcat,Dangermond,bobcat,target,-120.4447396,34.46063476,GL
DABB2,D.08.14.23.B2,Thomomys bottae,botta's pocket gopher,Small rodent,Small rodent,Thomomys,Geomyidae,Rodentia,bottae,no,Dangermond,bobcat,No,-120.4447396,34.46063476,GL
DABB2,D.08.14.23.B2,Odocoileus hemionus,mule deer,Mule deer,Mule deer,Odocoileus,Cervidae,Artiodactyla,hemionus,Mule deer,Dangermond,bobcat,target,-120.4447396,34.46063476,GL
DABB2,D.08.14.23.B2,Thomomys bottae,botta's pocket gopher,Small rodent,Small rodent,Thomomys,Geomyidae,Rodentia,bottae,no,Dangermond,bobcat,No,-120.4447396,34.46063476,GL
DABB3,D.08.14.23.B3,Lynx rufus,bobcat,Bobcat,Bobcat,Lynx,Felidae,Carnivora,rufus,Bobcat,Dangermond,bobcat,target,-120.4447251,34.46040687,GL
DABB3,D.08.14.23.B3,Odocoileus hemionus,mule deer,Mule deer,Mule deer,Odocoileus,Cervidae,Artiodactyla,hemionus,Mule deer,Dangermond,bobcat,target,-120.4447251,34.46040687,GL
DABB3,D.08.14.23.B3,Lynx rufus,bobcat,Bobcat,Bobcat,Lynx,Felidae,Carnivora,rufus,Bobcat,Dangermond,bobcat,target,-120.4447251,34.46040687,GL
DABB4,D.08.14.23.B4,Lynx rufus,bobcat,Bobcat,Bobcat,Lynx,Felidae,Carnivora,rufus,Bobcat,Dangermond,bobcat,target,-120.4443893,34.45993815,GL
DABB4,D.08.14.23.B4,Lynx rufus,bobcat,Bobcat,Bobcat,Lynx,Felidae,Carnivora,rufus,Bobcat,Dangermond,bobcat,target,-120.4443893,34.45993815,GL
DABC1,D.08.14.23.C1,Lynx rufus,bobcat,Bobcat,Bobcat,Lynx,Felidae,Carnivora,rufus,Bobcat,Dangermond,coyote,target,-120.444781,34.46101845,GL
DABC1,D.08.14.23.C1,Odocoileus hemionus,mule deer,Mule deer,Mule deer,Odocoileus,Cervidae,Artiodactyla,hemionus,Mule deer,Dangermond,coyote,target,-120.444781,34.46101845,GL
DABC1,D.08.14.23.C1,Lynx rufus,bobcat,Bobcat,Bobcat,Lynx,Felidae,Carnivora,rufus,Bobcat,Dangermond,coyote,target,-120.444781,34.46101845,GL
DABC1,D.08.14.23.C1,Odocoileus hemionus,mule deer,Mule deer,Mule deer,Odocoileus,Cervidae,Artiodactyla,hemionus,Mule deer,Dangermond,coyote,target,-120.444781,34.46101845,GL
DABC2,D.08.14.23.C2,Canis latrans,coyote,Coyote,Coyote,Canis,Canidae,Carnivora,latrans,Coyote,Dangermond,coyote,target,-120.4723873,34.46018992,GL
DABC2,D.08.14.23.C2,Peromyscus maniculatus,deer mouse,Small rodent,Small rodent,Peromyscus,Cricetidae,Rodentia,maniculatus,no,Dangermond,coyote,No,-120.4723873,34.46018992,GL
DABC2,D.08.14.23.C2,Peromyscus maniculatus,deer mouse,Small rodent,Small rodent,Peromyscus,Cricetidae,Rodentia,maniculatus,no,Dangermond,coyote,No,-120.4723873,34.46018992,GL
DABC2,D.08.14.23.C2,Urile penicillatus,brandt's cormorant,Brandt's cormorant,Brandt's cormorant,Urile,Phalacrocoracidae,Suliformes,penicillatus,no,Dangermond,coyote,No,-120.4723873,34.46018992,GL
DABC2,D.08.14.23.C2,Urile pelagicus,pelagic cormorant,Pelagic cormorant,Pelagic cormorant,Urile,Phalacrocoracidae,Suliformes,pelagicus,no,Dangermond,coyote,No,-120.4723873,34.46018992,GL
DABC2,D.08.14.23.C2,Canis latrans,coyote,Coyote,Coyote,Canis,Canidae,Carnivora,latrans,Coyote,Dangermond,coyote,target,-120.4723873,34.46018992,GL
DABC2,D.08.14.23.C2,Canis latrans,coyote,Coyote,Coyote,Canis,Canidae,Carnivora,latrans,Coyote,Dangermond,coyote,target,-120.4723873,34.46018992,GL
DABC3,D.08.14.23.C3,Canis latrans,coyote,Coyote,Coyote,Canis,Canidae,Carnivora,latrans,Coyote,Dangermond,coyote,target,-120.4733194,34.46328754,GL
DABC3,D.08.14.23.C3,Thomomys bottae,botta's pocket gopher,Small rodent,Small rodent,Thomomys,Geomyidae,Rodentia,bottae,no,Dangermond,coyote,No,-120.4733194,34.46328754,GL
DABC3,D.08.14.23.C3,Canis latrans,coyote,Coyote,Coyote,Canis,Canidae,Carnivora,latrans,Coyote,Dangermond,coyote,target,-120.4733194,34.46328754,GL
DABC4,D.08.14.23.C4,Canis latrans,coyote,Coyote,Coyote,Canis,Canidae,Carnivora,latrans,Coyote,Dangermond,coyote,target,-120.4733176,34.46328406,GL
DABC4,D.08.14.23.C4,Microtus californicus,california vole,Small rodent,Small rodent,Microtus,Cricetidae,Rodentia,californicus,no,Dangermond,coyote,No,-120.4733176,34.46328406,GL
DABC4,D.08.14.23.C4,Peromyscus maniculatus,deer mouse,Small rodent,Small rodent,Peromyscus,Cricetidae,Rodentia,maniculatus,no,Dangermond,coyote,No,-120.4733176,34.46328406,GL
DABC4,D.08.14.23.C4,Peromyscus maniculatus,deer mouse,Small rodent,Small rodent,Peromyscus,Cricetidae,Rodentia,maniculatus,no,Dangermond,coyote,No,-120.4733176,34.46328406,GL
DABC4,D.08.14.23.C4,Sus scrofa,wild boar,Wild boar,Wild boar,Sus,Suidae,Artiodactyla,scrofa,Wild boar,Dangermond,coyote,target,-120.4733176,34.46328406,GL
DABC4,D.08.14.23.C4,Reithrodontomys megalotis,western harvest mouse,Small rodent,Small rodent,Reithrodontomys,Cricetidae,Rodentia,megalotis,no,Dangermond,coyote,No,-120.4733176,34.46328406,GL
DABC4,D.08.14.23.C4,Canis latrans,coyote,Coyote,Coyote,Canis,Canidae,Carnivora,latrans,Coyote,Dangermond,coyote,target,-120.4733176,34.46328406,GL
DABC4,D.08.14.23.C4,Microtus californicus,california vole,Small rodent,Small rodent,Microtus,Cricetidae,Rodentia,californicus,no,Dangermond,coyote,No,-120.4733176,34.46328406,GL
DABC5,D.08.14.23.C5,Canis latrans,coyote,Coyote,Coyote,Canis,Canidae,Carnivora,latrans,Coyote,Dangermond,coyote,target,-120.4730683,34.45980363,GL
DABC5,D.08.14.23.C5,Microtus californicus,california vole,Small rodent,Small rodent,Microtus,Cricetidae,Rodentia,californicus,no,Dangermond,coyote,No,-120.4730683,34.45980363,GL
DABC5,D.08.14.23.C5,Microtus californicus,california vole,Small rodent,Small rodent,Microtus,Cricetidae,Rodentia,californicus,no,Dangermond,coyote,No,-120.4730683,34.45980363,GL
DABC5,D.08.14.23.C5,Microtus californicus,california vole,Small rodent,Small rodent,Microtus,Cricetidae,Rodentia,californicus,no,Dangermond,coyote,No,-120.4730683,34.45980363,GL
DABC5,D.08.14.23.C5,Canis latrans,coyote,Coyote,Coyote,Canis,Canidae,Carnivora,latrans,Coyote,Dangermond,coyote,target,-120.4730683,34.45980363,GL
DABC6,D.08.14.23.C6,Canis latrans,coyote,Coyote,Coyote,Canis,Canidae,Carnivora,latrans,Coyote,Dangermond,coyote,target,-120.4731087,34.45980864,GL
DABC6,D.08.14.23.C6,Microtus californicus,california vole,Small rodent,Small rodent,Microtus,Cricetidae,Rodentia,californicus,no,Dangermond,coyote,No,-120.4731087,34.45980864,GL
DABC6,D.08.14.23.C6,Microtus californicus,california vole,Small rodent,Small rodent,Microtus,Cricetidae,Rodentia,californicus,no,Dangermond,coyote,No,-120.4731087,34.45980864,GL
DABC6,D.08.14.23.C6,Microtus californicus,california vole,Small rodent,Small rodent,Microtus,Cricetidae,Rodentia,californicus,no,Dangermond,coyote,No,-120.4731087,34.45980864,GL
DABC6,D.08.14.23.C6,Canis latrans,coyote,Coyote,Coyote,Canis,Canidae,Carnivora,latrans,Coyote,Dangermond,coyote,target,-120.4731087,34.45980864,GL
DABC6,D.08.14.23.C6,Canis latrans,coyote,Coyote,Coyote,Canis,Canidae,Carnivora,latrans,Coyote,Dangermond,coyote,target,-120.4731087,34.45980864,GL
DABC6,D.08.14.23.C6,Microtus californicus,california vole,Small rodent,Small rodent,Microtus,Cricetidae,Rodentia,californicus,no,Dangermond,coyote,No,-120.4731087,34.45980864,GL
DABC7,D.08.14.23.C7,Canis latrans,coyote,Coyote,Coyote,Canis,Canidae,Carnivora,latrans,Coyote,Dangermond,coyote,target,-120.4664475,34.46946317,GL
DABC7,D.08.14.23.C7,Peromyscus maniculatus,deer mouse,Small rodent,Small rodent,Peromyscus,Cricetidae,Rodentia,maniculatus,no,Dangermond,coyote,No,-120.4664475,34.46946317,GL
DABC7,D.08.14.23.C7,Peromyscus maniculatus,deer mouse,Small rodent,Small rodent,Peromyscus,Cricetidae,Rodentia,maniculatus,no,Dangermond,coyote,No,-120.4664475,34.46946317,GL
DABC7,D.08.14.23.C7,Peromyscus maniculatus,deer mouse,Small rodent,Small rodent,Peromyscus,Cricetidae,Rodentia,maniculatus,no,Dangermond,coyote,No,-120.4664475,34.46946317,GL
DABC7,D.08.14.23.C7,Canis latrans,coyote,Coyote,Coyote,Canis,Canidae,Carnivora,latrans,Coyote,Dangermond,coyote,target,-120.4664475,34.46946317,GL
DABC7,D.08.14.23.C7,Canis latrans,coyote,Coyote,Coyote,Canis,Canidae,Carnivora,latrans,Coyote,Dangermond,coyote,target,-120.4664475,34.46946317,GL
DABC7,D.08.14.23.C7,Stenopelmatus sp,cricket,Terrestrial insect,Terrestrial insect,Stenopelmatus,Stenopelmatidae,Orthoptera,NA,no,Dangermond,coyote,No,-120.4664475,34.46946317,GL
DABF1,D.08.14.23.F1,Canis latrans,coyote,Coyote,Coyote,Canis,Canidae,Carnivora,latrans,Coyote,Dangermond,fox,target,-120.4724606,34.4600484,GL
DABF1,D.08.14.23.F1,Peromyscus maniculatus,deer mouse,Small rodent,Small rodent,Peromyscus,Cricetidae,Rodentia,maniculatus,no,Dangermond,fox,No,-120.4724606,34.4600484,GL
DABF1,D.08.14.23.F1,Canis latrans,coyote,Coyote,Coyote,Canis,Canidae,Carnivora,latrans,Coyote,Dangermond,fox,target,-120.4724606,34.4600484,GL
DABF1,D.08.14.23.F1,Peromyscus maniculatus,deer mouse,Small rodent,Small rodent,Peromyscus,Cricetidae,Rodentia,maniculatus,no,Dangermond,fox,No,-120.4724606,34.4600484,GL
DABF1,D.08.14.23.F1,Peromyscus maniculatus,deer mouse,Small rodent,Small rodent,Peromyscus,Cricetidae,Rodentia,maniculatus,no,Dangermond,fox,No,-120.4724606,34.4600484,GL
DABF1,D.08.14.23.F1,Urile penicillatus,brandt's cormorant,Brandt's cormorant,Brandt's cormorant,Urile,Phalacrocoracidae,Suliformes,penicillatus,no,Dangermond,fox,No,-120.4724606,34.4600484,GL
DABF1,D.08.14.23.F1,Canis latrans,coyote,Coyote,Coyote,Canis,Canidae,Carnivora,latrans,Coyote,Dangermond,fox,target,-120.4724606,34.4600484,GL
DABH1,D.08.14.23.H1,Sus scrofa,wild boar,Wild boar,Wild boar,Sus,Suidae,Artiodactyla,scrofa,Wild boar,Dangermond,wild pig,target,-120.4405658,34.45195085,GL
DABH1,D.08.14.23.H1,Sus scrofa,wild boar,Wild boar,Wild boar,Sus,Suidae,Artiodactyla,scrofa,Wild boar,Dangermond,wild pig,target,-120.4405658,34.45195085,GL
DABH2,D.08.14.23.H2,Sus scrofa,wild boar,Wild boar,Wild boar,Sus,Suidae,Artiodactyla,scrofa,Wild boar,Dangermond,wild pig,target,-120.4407223,34.45240724,GL
DABH2,D.08.14.23.H2,Sus scrofa,wild boar,Wild boar,Wild boar,Sus,Suidae,Artiodactyla,scrofa,Wild boar,Dangermond,wild pig,target,-120.4407223,34.45240724,GL
DABH3,D.08.14.23.H3,Sus scrofa,wild boar,Wild boar,Wild boar,Sus,Suidae,Artiodactyla,scrofa,Wild boar,Dangermond,wild pig,target,-120.4415117,34.4521709,GL
DABH3,D.08.14.23.H3,Sus scrofa,wild boar,Wild boar,Wild boar,Sus,Suidae,Artiodactyla,scrofa,Wild boar,Dangermond,wild pig,target,-120.4415117,34.4521709,GL
DAC1,D.06.14.23.C1,Canis latrans,coyote,Coyote,Coyote,Canis,Canidae,Carnivora,latrans,Coyote,Dangermond,coyote,target,-120.45315,34.44528,GL
DAC1,D.06.14.23.C1,Urile penicillatus,brandt's cormorant,Brandt's cormorant,Brandt's cormorant,Urile,Phalacrocoracidae,Suliformes,penicillatus,no,Dangermond,coyote,No,-120.45315,34.44528,GL
DAC1,D.06.14.23.C1,Zonotrichia leucophrys,white-crowned sparrow,Terrestrial bird,Terrestrial bird,Zonotrichia,Passerellidae,Passeriformes,leucophrys,no,Dangermond,coyote,No,-120.45315,34.44528,GL
DAC1,D.06.14.23.C1,Canis latrans,coyote,Coyote,Coyote,Canis,Canidae,Carnivora,latrans,Coyote,Dangermond,coyote,target,-120.45315,34.44528,GL
DAC2,D.06.14.23.C2,Canis latrans,coyote,Coyote,Coyote,Canis,Canidae,Carnivora,latrans,Coyote,Dangermond,coyote,target,-120.45438,34.4433,GL
DAC2,D.06.14.23.C2,Peromyscus maniculatus,deer mouse,Small rodent,Small rodent,Peromyscus,Cricetidae,Rodentia,maniculatus,no,Dangermond,coyote,No,-120.45438,34.4433,GL
DAC2,D.06.14.23.C2,Peromyscus maniculatus,deer mouse,Small rodent,Small rodent,Peromyscus,Cricetidae,Rodentia,maniculatus,no,Dangermond,coyote,No,-120.45438,34.4433,GL
DAC2,D.06.14.23.C2,Urile penicillatus,brandt's cormorant,Brandt's cormorant,Brandt's cormorant,Urile,Phalacrocoracidae,Suliformes,penicillatus,no,Dangermond,coyote,No,-120.45438,34.4433,GL
DAC3,D.06.14.23.C3,Canis latrans,coyote,Coyote,Coyote,Canis,Canidae,Carnivora,latrans,Coyote,Dangermond,coyote,target,-120.45438,34.4433,GL
DAC3,D.06.14.23.C3,Microtus californicus,california vole,Small rodent,Small rodent,Microtus,Cricetidae,Rodentia,californicus,no,Dangermond,coyote,No,-120.45438,34.4433,GL
DAC3,D.06.14.23.C3,Peromyscus maniculatus,deer mouse,Small rodent,Small rodent,Peromyscus,Cricetidae,Rodentia,maniculatus,no,Dangermond,coyote,No,-120.45438,34.4433,GL
DAC3,D.06.14.23.C3,Peromyscus maniculatus,deer mouse,Small rodent,Small rodent,Peromyscus,Cricetidae,Rodentia,maniculatus,no,Dangermond,coyote,No,-120.45438,34.4433,GL
DAC3,D.06.14.23.C3,Thomomys bottae,botta's pocket gopher,Small rodent,Small rodent,Thomomys,Geomyidae,Rodentia,bottae,no,Dangermond,coyote,No,-120.45438,34.4433,GL
DAC3,D.06.14.23.C3,Canis latrans,coyote,Coyote,Coyote,Canis,Canidae,Carnivora,latrans,Coyote,Dangermond,coyote,target,-120.45438,34.4433,GL
DAC3,D.06.14.23.C3,Thomomys bottae,botta's pocket gopher,Small rodent,Small rodent,Thomomys,Geomyidae,Rodentia,bottae,no,Dangermond,coyote,No,-120.45438,34.4433,GL
DAC3,D.06.14.23.C3,Thomomys bottae,botta's pocket gopher,Small rodent,Small rodent,Thomomys,Geomyidae,Rodentia,bottae,no,Dangermond,coyote,No,-120.45438,34.4433,GL
DAC3,D.06.14.23.C3,Anura,frog,Anura,Reptile/amphibian,NA,NA,Anura,NA,no,Dangermond,coyote,No,-120.45438,34.4433,GL
DAC3,D.06.14.23.C3,Thomomys bottae,botta's pocket gopher,Small rodent,Small rodent,Thomomys,Geomyidae,Rodentia,bottae,no,Dangermond,coyote,No,-120.45438,34.4433,GL
DAC3,D.06.14.23.C3,Microtus californicus,california vole,Small rodent,Small rodent,Microtus,Cricetidae,Rodentia,californicus,no,Dangermond,coyote,No,-120.45438,34.4433,GL
DAD1,D.06.14.23.D1,Canis latrans,coyote,Coyote,Coyote,Canis,Canidae,Carnivora,latrans,Coyote,Dangermond,deer,target,-120.47216,34.45821,GL
DAD1,D.06.14.23.D1,Canis latrans,coyote,Coyote,Coyote,Canis,Canidae,Carnivora,latrans,Coyote,Dangermond,deer,target,-120.47216,34.45821,GL
DAD1,D.06.14.23.D1,Peromyscus maniculatus,deer mouse,Small rodent,Small rodent,Peromyscus,Cricetidae,Rodentia,maniculatus,no,Dangermond,deer,No,-120.47216,34.45821,GL
DAD1,D.06.14.23.D1,Reithrodontomys megalotus,western harvest mouse,Small rodent,Small rodent,Reithrodontomys,Cricetidae,Rodentia,megalotus,no,Dangermond,deer,No,-120.47216,34.45821,GL
DAD1,D.06.14.23.D1,Zalophus californianus,california sea lion,California sea lion,California sea lion,Zalophus,Otariidae,Carnivora,californianus,no,Dangermond,deer,No,-120.47216,34.45821,GL
DAD1,D.06.14.23.D1,Zalophus californianus,california sea lion,California sea lion,California sea lion,Zalophus,Otariidae,Carnivora,californianus,no,Dangermond,deer,No,-120.47216,34.45821,GL
DAD1,D.06.14.23.D1,Zalophus californianus,california sea lion,California sea lion,California sea lion,Zalophus,Otariidae,Carnivora,californianus,no,Dangermond,deer,No,-120.47216,34.45821,GL
DAD1,D.06.14.23.D1,Canis latrans,coyote,Coyote,Coyote,Canis,Canidae,Carnivora,latrans,Coyote,Dangermond,deer,target,-120.47216,34.45821,GL
DADC2,D.08.18.23.C2,Canis latrans,coyote,Coyote,Coyote,Canis,Canidae,Carnivora,latrans,Coyote,Dangermond,coyote,target,-120.4664173,34.45330588,GL
DADC2,D.08.18.23.C2,Peromyscus maniculatus,deer mouse,Small rodent,Small rodent,Peromyscus,Cricetidae,Rodentia,maniculatus,no,Dangermond,coyote,No,-120.4664173,34.45330588,GL
DADC2,D.08.18.23.C2,Pipilo maculatus,spotted towhee,Terrestrial bird,Terrestrial bird,Pipilo,Passerellidae,Passeriformes,maculatus,no,Dangermond,coyote,No,-120.4664173,34.45330588,GL
DADC2,D.08.18.23.C2,Canis latrans,coyote,Coyote,Coyote,Canis,Canidae,Carnivora,latrans,Coyote,Dangermond,coyote,target,-120.4664173,34.45330588,GL
DADC2,D.08.18.23.C2,Thomomys bottae,botta's pocket gopher,Small rodent,Small rodent,Thomomys,Geomyidae,Rodentia,bottae,no,Dangermond,coyote,No,-120.4664173,34.45330588,GL
DADP1,D.08.18.23.P1,Canis latrans,coyote,Coyote,Coyote,Canis,Canidae,Carnivora,latrans,Coyote,Dangermond,puma,target,-120.4403179,34.45273212,GL
DADP1,D.08.18.23.P1,Peromyscus maniculatus,deer mouse,Small rodent,Small rodent,Peromyscus,Cricetidae,Rodentia,maniculatus,no,Dangermond,puma,No,-120.4403179,34.45273212,GL
DADP1,D.08.18.23.P1,Peromyscus maniculatus,deer mouse,Small rodent,Small rodent,Peromyscus,Cricetidae,Rodentia,maniculatus,no,Dangermond,puma,No,-120.4403179,34.45273212,GL
DADP1,D.08.18.23.P1,Peromyscus maniculatus,deer mouse,Small rodent,Small rodent,Peromyscus,Cricetidae,Rodentia,maniculatus,no,Dangermond,puma,No,-120.4403179,34.45273212,GL
DADP1,D.08.18.23.P1,Canis latrans,coyote,Coyote,Coyote,Canis,Canidae,Carnivora,latrans,Coyote,Dangermond,puma,target,-120.4403179,34.45273212,GL
DAF1,D.06.14.23.F1,Canis latrans,coyote,Coyote,Coyote,Canis,Canidae,Carnivora,latrans,Coyote,Dangermond,fox,target,-120.45274,34.44671,GL
DAF1,D.06.14.23.F1,Peromyscus maniculatus,deer mouse,Small rodent,Small rodent,Peromyscus,Cricetidae,Rodentia,maniculatus,no,Dangermond,fox,No,-120.45274,34.44671,GL
DAF1,D.06.14.23.F1,Urile penicillatus,brandt's cormorant,Brandt's cormorant,Brandt's cormorant,Urile,Phalacrocoracidae,Suliformes,penicillatus,no,Dangermond,fox,No,-120.45274,34.44671,GL
DAF2,D.06.14.23.F2,Canis latrans,coyote,Coyote,Coyote,Canis,Canidae,Carnivora,latrans,Coyote,Dangermond,fox,target,-120.45275,34.44694,GL
DAF2,D.06.14.23.F2,Microtus californicus,california vole,Small rodent,Small rodent,Microtus,Cricetidae,Rodentia,californicus,no,Dangermond,fox,No,-120.45275,34.44694,GL
DAF2,D.06.14.23.F2,Canis latrans,coyote,Coyote,Coyote,Canis,Canidae,Carnivora,latrans,Coyote,Dangermond,fox,target,-120.45275,34.44694,GL
DAF2,D.06.14.23.F2,Thomomys bottae,botta's pocket gopher,Small rodent,Small rodent,Thomomys,Geomyidae,Rodentia,bottae,no,Dangermond,fox,No,-120.45275,34.44694,GL
DAF2,D.06.14.23.F2,Canis latrans,coyote,Coyote,Coyote,Canis,Canidae,Carnivora,latrans,Coyote,Dangermond,fox,target,-120.45275,34.44694,GL
DAF2,D.06.14.23.F2,Microtus californicus,california vole,Small rodent,Small rodent,Microtus,Cricetidae,Rodentia,californicus,no,Dangermond,fox,No,-120.45275,34.44694,GL
DAFB1,D.08.23.23.B1,Canis latrans,coyote,Coyote,Coyote,Canis,Canidae,Carnivora,latrans,Coyote,Dangermond,bobcat,target,-120.4157224,34.45357455,GL
DAFB1,D.08.23.23.B1,Peromyscus maniculatus,deer mouse,Small rodent,Small rodent,Peromyscus,Cricetidae,Rodentia,maniculatus,no,Dangermond,bobcat,No,-120.4157224,34.45357455,GL
DAFB1,D.08.23.23.B1,Peromyscus maniculatus,deer mouse,Small rodent,Small rodent,Peromyscus,Cricetidae,Rodentia,maniculatus,no,Dangermond,bobcat,No,-120.4157224,34.45357455,GL
DAFB1,D.08.23.23.B1,Peromyscus maniculatus,deer mouse,Small rodent,Small rodent,Peromyscus,Cricetidae,Rodentia,maniculatus,no,Dangermond,bobcat,No,-120.4157224,34.45357455,GL
DAFB1,D.08.23.23.B1,Peromyscus maniculatus,deer mouse,Small rodent,Small rodent,Peromyscus,Cricetidae,Rodentia,maniculatus,no,Dangermond,bobcat,No,-120.4157224,34.45357455,GL
DAFB1,D.08.23.23.B1,Canis latrans,coyote,Coyote,Coyote,Canis,Canidae,Carnivora,latrans,Coyote,Dangermond,bobcat,target,-120.4157224,34.45357455,GL
DAFB1,D.08.23.23.B1,Peromyscus maniculatus,deer mouse,Small rodent,Small rodent,Peromyscus,Cricetidae,Rodentia,maniculatus,no,Dangermond,bobcat,No,-120.4157224,34.45357455,GL
DAFB1,D.08.23.23.B1,Reithrodontomys megalotis,western harvest mouse,Small rodent,Small rodent,Reithrodontomys,Cricetidae,Rodentia,megalotis,no,Dangermond,bobcat,No,-120.4157224,34.45357455,GL
DAFB1,D.08.23.23.B1,Reithrodontomys megalotis,western harvest mouse,Small rodent,Small rodent,Reithrodontomys,Cricetidae,Rodentia,megalotis,no,Dangermond,bobcat,No,-120.4157224,34.45357455,GL
DAFB1,D.08.23.23.B1,Peromyscus maniculatus,deer mouse,Small rodent,Small rodent,Peromyscus,Cricetidae,Rodentia,maniculatus,no,Dangermond,bobcat,No,-120.4157224,34.45357455,GL
DAFB1,D.08.23.23.B1,Reithrodontomys megalotis,western harvest mouse,Small rodent,Small rodent,Reithrodontomys,Cricetidae,Rodentia,megalotis,no,Dangermond,bobcat,No,-120.4157224,34.45357455,GL
DAFB1,D.08.23.23.B1,Reithrodontomys megalotis,western harvest mouse,Small rodent,Small rodent,Reithrodontomys,Cricetidae,Rodentia,megalotis,no,Dangermond,bobcat,No,-120.4157224,34.45357455,GL
DAFB1,D.08.23.23.B1,Peromyscus maniculatus,deer mouse,Small rodent,Small rodent,Peromyscus,Cricetidae,Rodentia,maniculatus,no,Dangermond,bobcat,No,-120.4157224,34.45357455,GL
DAFB2,D.08.23.23.B2,Lynx rufus,bobcat,Bobcat,Bobcat,Lynx,Felidae,Carnivora,rufus,Bobcat,Dangermond,bobcat,target,-120.4182382,34.45323245,GL
DAFB2,D.08.23.23.B2,Lynx rufus,bobcat,Bobcat,Bobcat,Lynx,Felidae,Carnivora,rufus,Bobcat,Dangermond,bobcat,target,-120.4182382,34.45323245,GL
DAFH1,D.08.23.23.H1,Sus scrofa,wild boar,Wild boar,Wild boar,Sus,Suidae,Artiodactyla,scrofa,Wild boar,Dangermond,wild pig,target,-120.444762,34.451412,GL
DAFH1,D.08.23.23.H1,Sus scrofa,wild boar,Wild boar,Wild boar,Sus,Suidae,Artiodactyla,scrofa,Wild boar,Dangermond,wild pig,target,-120.444762,34.451412,GL
DAGH1,D.10.24.22.H1,Sus scrofa,wild boar,Wild boar,Wild boar,Sus,Suidae,Artiodactyla,scrofa,Wild boar,Dangermond,wild pig,target,-120.4462502,34.46668908,EH
DAGH1,D.10.24.22.H1,Sus scrofa,wild boar,Wild boar,Wild boar,Sus,Suidae,Artiodactyla,scrofa,Wild boar,Dangermond,wild pig,target,-120.4462502,34.46668908,EH
DAHH1,D.10.26.22.H1,Sus scrofa,wild boar,Wild boar,Wild boar,Sus,Suidae,Artiodactyla,scrofa,Wild boar,Dangermond,wild pig,target,-120.4462502,34.46668908,EH
DAHH1,D.10.26.22.H1,Sus scrofa,wild boar,Wild boar,Wild boar,Sus,Suidae,Artiodactyla,scrofa,Wild boar,Dangermond,wild pig,target,-120.4462502,34.46668908,EH
DAHH1,D.10.26.22.H1,Sus scrofa,wild boar,Wild boar,Wild boar,Sus,Suidae,Artiodactyla,scrofa,Wild boar,Dangermond,wild pig,target,-120.4462502,34.46668908,EH
DAHH2,D.10.26.22.H2,Sus scrofa,wild boar,Wild boar,Wild boar,Sus,Suidae,Artiodactyla,scrofa,Wild boar,Dangermond,wild pig,target,-120.4461911,34.46663783,EH
DAHH2,D.10.26.22.H2,Sus scrofa,wild boar,Wild boar,Wild boar,Sus,Suidae,Artiodactyla,scrofa,Wild boar,Dangermond,wild pig,target,-120.4461911,34.46663783,EH
DAHH2,D.10.26.22.H2,Sus scrofa,wild boar,Wild boar,Wild boar,Sus,Suidae,Artiodactyla,scrofa,Wild boar,Dangermond,wild pig,target,-120.4461911,34.46663783,EH
DAHH3,D.10.26.22.H3,Sus scrofa,wild boar,Wild boar,Wild boar,Sus,Suidae,Artiodactyla,scrofa,Wild boar,Dangermond,wild pig,target,-120.4461911,34.46663783,EH
DAHH3,D.10.26.22.H3,Sus scrofa,wild boar,Wild boar,Wild boar,Sus,Suidae,Artiodactyla,scrofa,Wild boar,Dangermond,wild pig,target,-120.4461911,34.46663783,EH
DAHH4,D.10.26.22.H4,Sus scrofa,wild boar,Wild boar,Wild boar,Sus,Suidae,Artiodactyla,scrofa,Wild boar,Dangermond,wild pig,target,-120.4461914,34.466683,EH
DAHH4,D.10.26.22.H4,Sus scrofa,wild boar,Wild boar,Wild boar,Sus,Suidae,Artiodactyla,scrofa,Wild boar,Dangermond,wild pig,target,-120.4461914,34.466683,EH
DAHH5,D.10.26.22.H5,Sus scrofa,wild boar,Wild boar,Wild boar,Sus,Suidae,Artiodactyla,scrofa,Wild boar,Dangermond,wild pig,target,-120.4461914,34.466683,EH
DAHH5,D.10.26.22.H5,Sus scrofa,wild boar,Wild boar,Wild boar,Sus,Suidae,Artiodactyla,scrofa,Wild boar,Dangermond,wild pig,target,-120.4461914,34.466683,EH
DAHH5,D.10.26.22.H5,Sus scrofa,wild boar,Wild boar,Wild boar,Sus,Suidae,Artiodactyla,scrofa,Wild boar,Dangermond,wild pig,target,-120.4461914,34.466683,EH
DAHH6,D.10.26.22.H6,Sus scrofa,wild boar,Wild boar,Wild boar,Sus,Suidae,Artiodactyla,scrofa,Wild boar,Dangermond,wild pig,target,-120.4462271,34.46667773,EH
DAHH6,D.10.26.22.H6,Sus scrofa,wild boar,Wild boar,Wild boar,Sus,Suidae,Artiodactyla,scrofa,Wild boar,Dangermond,wild pig,target,-120.4462271,34.46667773,EH
DAHH7,D.10.26.22.H7,Sus scrofa,wild boar,Wild boar,Wild boar,Sus,Suidae,Artiodactyla,scrofa,Wild boar,Dangermond,wild pig,target,-120.4462271,34.46667773,EH
DAHH7,D.10.26.22.H7,Sus scrofa,wild boar,Wild boar,Wild boar,Sus,Suidae,Artiodactyla,scrofa,Wild boar,Dangermond,wild pig,target,-120.4462271,34.46667773,EH
DAHH7,D.10.26.22.H7,Sus scrofa,wild boar,Wild boar,Wild boar,Sus,Suidae,Artiodactyla,scrofa,Wild boar,Dangermond,wild pig,target,-120.4462271,34.46667773,EH
DAIH1,D.11.30.22.H1,Sus scrofa,wild boar,Wild boar,Wild boar,Sus,Suidae,Artiodactyla,scrofa,Wild boar,Dangermond,wild pig,target,-120.4494916,34.49937134,EH
DAIH1,D.11.30.22.H1,Sus scrofa,wild boar,Wild boar,Wild boar,Sus,Suidae,Artiodactyla,scrofa,Wild boar,Dangermond,wild pig,target,-120.4494916,34.49937134,EH
DAIH2,D.11.30.22.H2,Sus scrofa,wild boar,Wild boar,Wild boar,Sus,Suidae,Artiodactyla,scrofa,Wild boar,Dangermond,wild pig,target,-120.4494916,34.49937134,EH
DAIH2,D.11.30.22.H2,Sus scrofa,wild boar,Wild boar,Wild boar,Sus,Suidae,Artiodactyla,scrofa,Wild boar,Dangermond,wild pig,target,-120.4494916,34.49937134,EH
DAIH3,D.11.30.22.H3,Sus scrofa,wild boar,Wild boar,Wild boar,Sus,Suidae,Artiodactyla,scrofa,Wild boar,Dangermond,wild pig,target,-120.4497071,34.49724494,EH
DAIH3,D.11.30.22.H3,Bos taurus,domestic cattle,Cattle,Cattle,Bos,Bovidae,Artiodactyla,taurus,no,Dangermond,wild pig,No,-120.4497071,34.49724494,EH
DAIH3,D.11.30.22.H3,Sus scrofa,wild boar,Wild boar,Wild boar,Sus,Suidae,Artiodactyla,scrofa,Wild boar,Dangermond,wild pig,target,-120.4497071,34.49724494,EH
DAIH3,D.11.30.22.H3,Bos taurus,domestic cattle,Cattle,Cattle,Bos,Bovidae,Artiodactyla,taurus,no,Dangermond,wild pig,No,-120.4497071,34.49724494,EH
DAIH4,D.11.30.22.H4,Bos taurus,domestic cattle,Cattle,Cattle,Bos,Bovidae,Artiodactyla,taurus,no,Dangermond,wild pig,No,-120.4497071,34.49724494,EH
DAIH4,D.11.30.22.H4,Sus scrofa,wild boar,Wild boar,Wild boar,Sus,Suidae,Artiodactyla,scrofa,Wild boar,Dangermond,wild pig,target,-120.4497071,34.49724494,EH
DAIH4,D.11.30.22.H4,Sus scrofa,wild boar,Wild boar,Wild boar,Sus,Suidae,Artiodactyla,scrofa,Wild boar,Dangermond,wild pig,target,-120.4497071,34.49724494,EH
DAIH4,D.11.30.22.H4,Bos taurus,domestic cattle,Cattle,Cattle,Bos,Bovidae,Artiodactyla,taurus,no,Dangermond,wild pig,No,-120.4497071,34.49724494,EH
DAIH4,D.11.30.22.H4,Bos taurus,domestic cattle,Cattle,Cattle,Bos,Bovidae,Artiodactyla,taurus,no,Dangermond,wild pig,No,-120.4497071,34.49724494,EH
DAIH5,D.11.30.22.H5,Sus scrofa,wild boar,Wild boar,Wild boar,Sus,Suidae,Artiodactyla,scrofa,Wild boar,Dangermond,wild pig,target,-120.4493466,34.49912419,EH
DAIH5,D.11.30.22.H5,Sus scrofa,wild boar,Wild boar,Wild boar,Sus,Suidae,Artiodactyla,scrofa,Wild boar,Dangermond,wild pig,target,-120.4493466,34.49912419,EH
DAIH6,D.11.30.22.H6,Sus scrofa,wild boar,Wild boar,Wild boar,Sus,Suidae,Artiodactyla,scrofa,Wild boar,Dangermond,wild pig,target,-120.44935,34.4991242,EH
DAIH6,D.11.30.22.H6,Sus scrofa,wild boar,Wild boar,Wild boar,Sus,Suidae,Artiodactyla,scrofa,Wild boar,Dangermond,wild pig,target,-120.44935,34.4991242,EH
DAJH1,D.10.25.22.H1,Sus scrofa,wild boar,Wild boar,Wild boar,Sus,Suidae,Artiodactyla,scrofa,Wild boar,Dangermond,wild pig,target,-120.4239869,34.4642289,EH
DAJH1,D.10.25.22.H1,Sus scrofa,wild boar,Wild boar,Wild boar,Sus,Suidae,Artiodactyla,scrofa,Wild boar,Dangermond,wild pig,target,-120.4239869,34.4642289,EH
DAJH2,D.10.25.22.H2,Sus scrofa,wild boar,Wild boar,Wild boar,Sus,Suidae,Artiodactyla,scrofa,Wild boar,Dangermond,wild pig,target,-120.4239869,34.4642289,EH
DAJH2,D.10.25.22.H2,Sus scrofa,wild boar,Wild boar,Wild boar,Sus,Suidae,Artiodactyla,scrofa,Wild boar,Dangermond,wild pig,target,-120.4239869,34.4642289,EH
DAKH1,D.07.13.22.H1,Sus scrofa,wild boar,Wild boar,Wild boar,Sus,Suidae,Artiodactyla,scrofa,Wild boar,Dangermond,wild pig,target,-120.4561956,34.47242784,EH
DAKH1,D.07.13.22.H1,Sus scrofa,wild boar,Wild boar,Wild boar,Sus,Suidae,Artiodactyla,scrofa,Wild boar,Dangermond,wild pig,target,-120.4561956,34.47242784,EH
DAKH1,D.07.13.22.H1,Sus scrofa,wild boar,Wild boar,Wild boar,Sus,Suidae,Artiodactyla,scrofa,Wild boar,Dangermond,wild pig,target,-120.4561956,34.47242784,EH
DAKH2,D.07.13.22.H2,Sus scrofa,wild boar,Wild boar,Wild boar,Sus,Suidae,Artiodactyla,scrofa,Wild boar,Dangermond,wild pig,target,-120.4562102,34.47239728,EH
DAKH2,D.07.13.22.H2,Sus scrofa,wild boar,Wild boar,Wild boar,Sus,Suidae,Artiodactyla,scrofa,Wild boar,Dangermond,wild pig,target,-120.4562102,34.47239728,EH
DAKH2,D.07.13.22.H2,Sus scrofa,wild boar,Wild boar,Wild boar,Sus,Suidae,Artiodactyla,scrofa,Wild boar,Dangermond,wild pig,target,-120.4562102,34.47239728,EH
DAKH3,D.07.13.23.H3,Sus scrofa,wild boar,Wild boar,Wild boar,Sus,Suidae,Artiodactyla,scrofa,Wild boar,Dangermond,wild pig,target,-120.4562102,34.47239728,EH
DAKH3,D.07.13.23.H3,Sus scrofa,wild boar,Wild boar,Wild boar,Sus,Suidae,Artiodactyla,scrofa,Wild boar,Dangermond,wild pig,target,-120.4562102,34.47239728,EH
DAKH4,D.07.13.22.H4,Sus scrofa,wild boar,Wild boar,Wild boar,Sus,Suidae,Artiodactyla,scrofa,Wild boar,Dangermond,wild pig,target,-120.4561956,34.47242784,EH
DAKH4,D.07.13.22.H4,Sus scrofa,wild boar,Wild boar,Wild boar,Sus,Suidae,Artiodactyla,scrofa,Wild boar,Dangermond,wild pig,target,-120.4561956,34.47242784,EH
DAKH4,D.07.13.22.H4,Sus scrofa,wild boar,Wild boar,Wild boar,Sus,Suidae,Artiodactyla,scrofa,Wild boar,Dangermond,wild pig,target,-120.4561956,34.47242784,EH
DALH1,D.09.09.22.H1,Sus scrofa,wild boar,Wild boar,Wild boar,Sus,Suidae,Artiodactyla,scrofa,Wild boar,Dangermond,wild pig,target,-120.4168428,34.45527442,EH
DALH1,D.09.09.22.H1,Sus scrofa,wild boar,Wild boar,Wild boar,Sus,Suidae,Artiodactyla,scrofa,Wild boar,Dangermond,wild pig,target,-120.4168428,34.45527442,EH
DALH1,D.09.09.22.H1,Sus scrofa,wild boar,Wild boar,Wild boar,Sus,Suidae,Artiodactyla,scrofa,Wild boar,Dangermond,wild pig,target,-120.4168428,34.45527442,EH
DALH2,D.09.09.22.H2,Sus scrofa,wild boar,Wild boar,Wild boar,Sus,Suidae,Artiodactyla,scrofa,Wild boar,Dangermond,wild pig,target,-120.4530609,34.44672553,EH
DALH2,D.09.09.22.H2,Sus scrofa,wild boar,Wild boar,Wild boar,Sus,Suidae,Artiodactyla,scrofa,Wild boar,Dangermond,wild pig,target,-120.4530609,34.44672553,EH
DALH2,D.09.09.22.H2,Sus scrofa,wild boar,Wild boar,Wild boar,Sus,Suidae,Artiodactyla,scrofa,Wild boar,Dangermond,wild pig,target,-120.4530609,34.44672553,EH
DALH3,D.09.09.22.H3,Sus scrofa,wild boar,Wild boar,Wild boar,Sus,Suidae,Artiodactyla,scrofa,Wild boar,Dangermond,wild pig,target,-120.4530609,34.44672553,EH
DALH3,D.09.09.22.H3,Sus scrofa,wild boar,Wild boar,Wild boar,Sus,Suidae,Artiodactyla,scrofa,Wild boar,Dangermond,wild pig,target,-120.4530609,34.44672553,EH
DALH3,D.09.09.22.H3,Sus scrofa,wild boar,Wild boar,Wild boar,Sus,Suidae,Artiodactyla,scrofa,Wild boar,Dangermond,wild pig,target,-120.4530609,34.44672553,EH
DALH4,D.09.09.22.H4,Sus scrofa,wild boar,Wild boar,Wild boar,Sus,Suidae,Artiodactyla,scrofa,Wild boar,Dangermond,wild pig,target,NA,NA,EH
DALH4,D.09.09.22.H4,Sus scrofa,wild boar,Wild boar,Wild boar,Sus,Suidae,Artiodactyla,scrofa,Wild boar,Dangermond,wild pig,target,NA,NA,EH
DALH4,D.09.09.22.H4,Sus scrofa,wild boar,Wild boar,Wild boar,Sus,Suidae,Artiodactyla,scrofa,Wild boar,Dangermond,wild pig,target,NA,NA,EH
DALH5,D.09.09.22.H5,Sus scrofa,wild boar,Wild boar,Wild boar,Sus,Suidae,Artiodactyla,scrofa,Wild boar,Dangermond,wild pig,target,NA,NA,EH
DALH5,D.09.09.22.H5,Canis latrans,coyote,Coyote,Coyote,Canis,Canidae,Carnivora,latrans,Coyote,Dangermond,wild pig,target,NA,NA,EH
DALH5,D.09.09.22.H5,Canis latrans,coyote,Coyote,Coyote,Canis,Canidae,Carnivora,latrans,Coyote,Dangermond,wild pig,target,NA,NA,EH
DALH5,D.09.09.22.H5,Sus scrofa,wild boar,Wild boar,Wild boar,Sus,Suidae,Artiodactyla,scrofa,Wild boar,Dangermond,wild pig,target,NA,NA,EH
DALH6,D.09.09.22.H6,Sus scrofa,wild boar,Wild boar,Wild boar,Sus,Suidae,Artiodactyla,scrofa,Wild boar,Dangermond,wild pig,target,-120.4168144,34.45526935,EH
DALH7,D.09.09.22.H7,Sus scrofa,wild boar,Wild boar,Wild boar,Sus,Suidae,Artiodactyla,scrofa,Wild boar,Dangermond,wild pig,target,-120.41681,34.4552694,EH
DALH7,D.09.09.22.H7,Sus scrofa,wild boar,Wild boar,Wild boar,Sus,Suidae,Artiodactyla,scrofa,Wild boar,Dangermond,wild pig,target,-120.41681,34.4552694,EH
DALH8,D.09.09.22.H8,Sus scrofa,wild boar,Wild boar,Wild boar,Sus,Suidae,Artiodactyla,scrofa,Wild boar,Dangermond,wild pig,target,-120.4168428,34.45527442,EH
DALH8,D.09.09.22.H8,Sus scrofa,wild boar,Wild boar,Wild boar,Sus,Suidae,Artiodactyla,scrofa,Wild boar,Dangermond,wild pig,target,-120.4168428,34.45527442,EH
DALH8,D.09.09.22.H8,Sus scrofa,wild boar,Wild boar,Wild boar,Sus,Suidae,Artiodactyla,scrofa,Wild boar,Dangermond,wild pig,target,-120.4168428,34.45527442,EH
DAMH1,D.07.14.22.H1,Sus scrofa,wild boar,Wild boar,Wild boar,Sus,Suidae,Artiodactyla,scrofa,Wild boar,Dangermond,wild pig,target,NA,NA,EH
DAMH1,D.07.14.22.H1,Sus scrofa,wild boar,Wild boar,Wild boar,Sus,Suidae,Artiodactyla,scrofa,Wild boar,Dangermond,wild pig,target,NA,NA,EH
DAMH1,D.07.14.22.H1,Forficula sp,earwig,Terrestrial insect,Terrestrial insect,Forficula,Forficulidae,Dermaptera,NA,no,Dangermond,wild pig,No,NA,NA,EH
DAMH3,D.07.14.22.H3,Sus scrofa,wild boar,Wild boar,Wild boar,Sus,Suidae,Artiodactyla,scrofa,Wild boar,Dangermond,wild pig,target,NA,NA,EH
DANH1,D.07.10.22.H1,Sus scrofa,wild boar,Wild boar,Wild boar,Sus,Suidae,Artiodactyla,scrofa,Wild boar,Dangermond,wild pig,target,NA,NA,EH
DANH1,D.07.10.22.H1,Sus scrofa,wild boar,Wild boar,Wild boar,Sus,Suidae,Artiodactyla,scrofa,Wild boar,Dangermond,wild pig,target,NA,NA,EH
DANH1,D.07.10.22.H1,Forficula sp,earwig,Terrestrial insect,Terrestrial insect,Forficula,Forficulidae,Dermaptera,NA,no,Dangermond,wild pig,No,NA,NA,EH
DAOH1,D.04.13.22.H1,Sus scrofa,wild boar,Wild boar,Wild boar,Sus,Suidae,Artiodactyla,scrofa,Wild boar,Dangermond,wild pig,target,-120.4561965,34.47239907,EH
DAOH1,D.04.13.22.H1,Sus scrofa,wild boar,Wild boar,Wild boar,Sus,Suidae,Artiodactyla,scrofa,Wild boar,Dangermond,wild pig,target,-120.4561965,34.47239907,EH
DAOH2,D.04.13.22.H2,Sus scrofa,wild boar,Wild boar,Wild boar,Sus,Suidae,Artiodactyla,scrofa,Wild boar,Dangermond,wild pig,target,-120.4562007,34.47238282,EH
DAOH2,D.04.13.22.H2,Sus scrofa,wild boar,Wild boar,Wild boar,Sus,Suidae,Artiodactyla,scrofa,Wild boar,Dangermond,wild pig,target,-120.4562007,34.47238282,EH
DAP1,D.06.14.23.P1,Canis latrans,coyote,Coyote,Coyote,Canis,Canidae,Carnivora,latrans,Coyote,Dangermond,puma,target,-120.45627,34.44437,GL
DAP1,D.06.14.23.P1,Urile penicillatus,brandt's cormorant,Brandt's cormorant,Brandt's cormorant,Urile,Phalacrocoracidae,Suliformes,penicillatus,no,Dangermond,puma,No,-120.45627,34.44437,GL
DAP1,D.06.14.23.P1,Canis latrans,coyote,Coyote,Coyote,Canis,Canidae,Carnivora,latrans,Coyote,Dangermond,puma,target,-120.45627,34.44437,GL
DAP1,D.06.14.23.P1,Urile pelagicus,pelagic cormorant,Pelagic cormorant,Pelagic cormorant,Urile,Phalacrocoracidae,Suliformes,pelagicus,no,Dangermond,puma,No,-120.45627,34.44437,GL
DAP1,D.06.14.23.P1,Thomomys bottae,botta's pocket gopher,Small rodent,Small rodent,Thomomys,Geomyidae,Rodentia,bottae,no,Dangermond,puma,No,-120.45627,34.44437,GL
DAPH1,D.04.14.22.H1,Bos taurus,domestic cattle,Cattle,Cattle,Bos,Bovidae,Artiodactyla,taurus,no,Dangermond,wild pig,No,-120.49026,34.5045108,EH
DAPH2,D.04.14.22.H2,Bos taurus,domestic cattle,Cattle,Cattle,Bos,Bovidae,Artiodactyla,taurus,no,Dangermond,wild pig,No,-120.4902439,34.5045226,EH
DAQH1,D.03.15.22.H1,Sus scrofa,wild boar,Wild boar,Wild boar,Sus,Suidae,Artiodactyla,scrofa,Wild boar,Dangermond,wild pig,target,-120.46,34.5,EH
DAQH1,D.03.15.22.H1,Sus scrofa,wild boar,Wild boar,Wild boar,Sus,Suidae,Artiodactyla,scrofa,Wild boar,Dangermond,wild pig,target,-120.46,34.5,EH
DAQH2,D.03.15.22.H2,Sus scrofa,wild boar,Wild boar,Wild boar,Sus,Suidae,Artiodactyla,scrofa,Wild boar,Dangermond,wild pig,target,-120.46,34.5,EH
DAQH2,D.03.15.22.H2,Sus scrofa,wild boar,Wild boar,Wild boar,Sus,Suidae,Artiodactyla,scrofa,Wild boar,Dangermond,wild pig,target,-120.46,34.5,EH
DBC2,C.06.16.23.C2,Canis latrans,coyote,Coyote,Coyote,Canis,Canidae,Carnivora,latrans,Coyote,Coal Oil Point,coyote,target,-119.87878,34.41179,GL
DBC2,C.06.16.23.C2,Bos taurus,domestic cattle,Cattle,Cattle,Bos,Bovidae,Artiodactyla,taurus,no,Coal Oil Point,coyote,No,-119.87878,34.41179,GL
DBC2,C.06.16.23.C2,Bos taurus,domestic cattle,Cattle,Cattle,Bos,Bovidae,Artiodactyla,taurus,no,Coal Oil Point,coyote,No,-119.87878,34.41179,GL
DBC2,C.06.16.23.C2,Canis latrans,coyote,Coyote,Coyote,Canis,Canidae,Carnivora,latrans,Coyote,Coal Oil Point,coyote,target,-119.87878,34.41179,GL
DBC2,C.06.16.23.C2,Canis latrans,coyote,Coyote,Coyote,Canis,Canidae,Carnivora,latrans,Coyote,Coal Oil Point,coyote,target,-119.87878,34.41179,GL
DBC2,C.06.16.23.C2,Canis latrans,coyote,Coyote,Coyote,Canis,Canidae,Carnivora,latrans,Coyote,Coal Oil Point,coyote,target,-119.87878,34.41179,GL
DBC2,C.06.16.23.C2,Canis latrans,coyote,Coyote,Coyote,Canis,Canidae,Carnivora,latrans,Coyote,Coal Oil Point,coyote,target,-119.87878,34.41179,GL
DCC1,D.06.19.23.C1,Canis latrans,coyote,Coyote,Coyote,Canis,Canidae,Carnivora,latrans,Coyote,Dangermond,coyote,target,-120.45567,34.49958,GL
DCC1,D.06.19.23.C1,Stenopelmatus sp,cricket,Terrestrial insect,Terrestrial insect,Stenopelmatus,Stenopelmatidae,Orthoptera,NA,no,Dangermond,coyote,No,-120.45567,34.49958,GL
DCC1,D.06.19.23.C1,Stenopelmatus sp,cricket,Terrestrial insect,Terrestrial insect,Stenopelmatus,Stenopelmatidae,Orthoptera,NA,no,Dangermond,coyote,No,-120.45567,34.49958,GL
DCC1,D.06.19.23.C1,Canis latrans,coyote,Coyote,Coyote,Canis,Canidae,Carnivora,latrans,Coyote,Dangermond,coyote,target,-120.45567,34.49958,GL
DCC1,D.06.19.23.C1,Stenopelmatus sp,cricket,Terrestrial insect,Terrestrial insect,Stenopelmatus,Stenopelmatidae,Orthoptera,NA,no,Dangermond,coyote,No,-120.45567,34.49958,GL
DCC2,D.06.19.23.C2,Canis latrans,coyote,Coyote,Coyote,Canis,Canidae,Carnivora,latrans,Coyote,Dangermond,coyote,target,-120.45741,34.44566,GL
DCC2,D.06.19.23.C2,Peromyscus maniculatus,deer mouse,Small rodent,Small rodent,Peromyscus,Cricetidae,Rodentia,maniculatus,no,Dangermond,coyote,No,-120.45741,34.44566,GL
DCC2,D.06.19.23.C2,Peromyscus maniculatus,deer mouse,Small rodent,Small rodent,Peromyscus,Cricetidae,Rodentia,maniculatus,no,Dangermond,coyote,No,-120.45741,34.44566,GL
DCC2,D.06.19.23.C2,Urile penicillatus,brandt's cormorant,Brandt's cormorant,Brandt's cormorant,Urile,Phalacrocoracidae,Suliformes,penicillatus,no,Dangermond,coyote,No,-120.45741,34.44566,GL
DCC2,D.06.19.23.C2,Urile pelagicus,pelagic cormorant,Pelagic cormorant,Pelagic cormorant,Urile,Phalacrocoracidae,Suliformes,pelagicus,no,Dangermond,coyote,No,-120.45741,34.44566,GL
DCC2,D.06.19.23.C2,Peromyscus maniculatus,deer mouse,Small rodent,Small rodent,Peromyscus,Cricetidae,Rodentia,maniculatus,no,Dangermond,coyote,No,-120.45741,34.44566,GL
DCC2,D.06.19.23.C2,Reithrodontomys megalotis,western harvest mouse,Small rodent,Small rodent,Reithrodontomys,Cricetidae,Rodentia,megalotis,no,Dangermond,coyote,No,-120.45741,34.44566,GL
DCC2,D.06.19.23.C2,Urile pelagicus,pelagic cormorant,Pelagic cormorant,Pelagic cormorant,Urile,Phalacrocoracidae,Suliformes,pelagicus,no,Dangermond,coyote,No,-120.45741,34.44566,GL
DCC3,D.06.19.23.C3,Canis latrans,coyote,Coyote,Coyote,Canis,Canidae,Carnivora,latrans,Coyote,Dangermond,coyote,target,-120.4568,34.44932,GL
DCC3,D.06.19.23.C3,Sylvilagus bachmani,brush rabbit,Brush rabbit,Brush rabbit,Sylvilagus,Leporidae,Lagomorpha,bachmani,no,Dangermond,coyote,No,-120.4568,34.44932,GL
DCC3,D.06.19.23.C3,Canis latrans,coyote,Coyote,Coyote,Canis,Canidae,Carnivora,latrans,Coyote,Dangermond,coyote,target,-120.4568,34.44932,GL
DCC3,D.06.19.23.C3,Canis latrans,coyote,Coyote,Coyote,Canis,Canidae,Carnivora,latrans,Coyote,Dangermond,coyote,target,-120.4568,34.44932,GL
DCC3,D.06.19.23.C3,Sylvilagus bachmani,brush rabbit,Brush rabbit,Brush rabbit,Sylvilagus,Leporidae,Lagomorpha,bachmani,no,Dangermond,coyote,No,-120.4568,34.44932,GL
DCC5,D.06.19.23.C5,Canis latrans,coyote,Coyote,Coyote,Canis,Canidae,Carnivora,latrans,Coyote,Dangermond,coyote,target,-120.46828,34.4678,GL
DCC5,D.06.19.23.C5,Canis latrans,coyote,Coyote,Coyote,Canis,Canidae,Carnivora,latrans,Coyote,Dangermond,coyote,target,-120.46828,34.4678,GL
DCC5,D.06.19.23.C5,Zalophus californianus,california sea lion,California sea lion,California sea lion,Zalophus,Otariidae,Carnivora,californianus,no,Dangermond,coyote,No,-120.46828,34.4678,GL
DCC5,D.06.19.23.C5,Canis latrans,coyote,Coyote,Coyote,Canis,Canidae,Carnivora,latrans,Coyote,Dangermond,coyote,target,-120.46828,34.4678,GL
DCC6,D.06.19.23.C6,Canis latrans,coyote,Coyote,Coyote,Canis,Canidae,Carnivora,latrans,Coyote,Dangermond,coyote,target,NA,NA,GL
DCC6,D.06.19.23.C6,Peromyscus maniculatus,deer mouse,Small rodent,Small rodent,Peromyscus,Cricetidae,Rodentia,maniculatus,no,Dangermond,coyote,No,NA,NA,GL
DCC6,D.06.19.23.C6,Stenopelmatus sp,cricket,Small rodent,Small rodent,Stenopelmatus,Stenopelmatidae,Orthoptera,NA,no,Dangermond,coyote,No,NA,NA,GL
DCC6,D.06.19.23.C6,Stenopelmatus sp,cricket,Terrestrial insect,Terrestrial insect,Stenopelmatus,Stenopelmatidae,Orthoptera,NA,no,Dangermond,coyote,No,NA,NA,GL
DCC6,D.06.19.23.C6,Canis latrans,coyote,Coyote,Coyote,Canis,Canidae,Carnivora,latrans,Coyote,Dangermond,coyote,target,NA,NA,GL
DCC7,D.06.19.23.C7,Canis latrans,coyote,Coyote,Coyote,Canis,Canidae,Carnivora,latrans,Coyote,Dangermond,coyote,target,-120.47548,34.48069,GL
DCC7,D.06.19.23.C7,Lynx rufus,bobcat,Bobcat,Bobcat,Lynx,Felidae,Carnivora,rufus,Bobcat,Dangermond,coyote,target,-120.47548,34.48069,GL
DCC7,D.06.19.23.C7,Peromyscus maniculatus,deer mouse,Small rodent,Small rodent,Peromyscus,Cricetidae,Rodentia,maniculatus,no,Dangermond,coyote,No,-120.47548,34.48069,GL
DCC7,D.06.19.23.C7,Dipodomys heermanni,heerman's kangaroo rat,Small rodent,Small rodent,Dipodomys,Heteromyidae,Rodentia,heermanni,no,Dangermond,coyote,No,-120.47548,34.48069,GL
DCC7,D.06.19.23.C7,Canis latrans,coyote,Coyote,Coyote,Canis,Canidae,Carnivora,latrans,Coyote,Dangermond,coyote,target,-120.47548,34.48069,GL
DCC7,D.06.19.23.C7,Thomomys bottae,botta's pocket gopher,Small rodent,Small rodent,Thomomys,Geomyidae,Rodentia,bottae,no,Dangermond,coyote,No,-120.47548,34.48069,GL
DCC8,D.06.19.23.C8,Canis latrans,coyote,Coyote,Coyote,Canis,Canidae,Carnivora,latrans,Coyote,Dangermond,coyote,target,-120.48186,34.48438,GL
DCC8,D.06.19.23.C8,Peromyscus maniculatus,deer mouse,Small rodent,Small rodent,Peromyscus,Cricetidae,Rodentia,maniculatus,no,Dangermond,coyote,No,-120.48186,34.48438,GL
DCC8,D.06.19.23.C8,Peromyscus maniculatus,deer mouse,Small rodent,Small rodent,Peromyscus,Cricetidae,Rodentia,maniculatus,no,Dangermond,coyote,No,-120.48186,34.48438,GL
DCC8,D.06.19.23.C8,Canis latrans,coyote,Coyote,Coyote,Canis,Canidae,Carnivora,latrans,Coyote,Dangermond,coyote,target,-120.48186,34.48438,GL
DCC8,D.06.19.23.C8,Peromyscus maniculatus,deer mouse,Small rodent,Small rodent,Peromyscus,Cricetidae,Rodentia,maniculatus,no,Dangermond,coyote,No,-120.48186,34.48438,GL
DCC8,D.06.19.23.C8,Thomomys bottae,botta's pocket gopher,Small rodent,Small rodent,Thomomys,Geomyidae,Rodentia,bottae,no,Dangermond,coyote,No,-120.48186,34.48438,GL
DCC8,D.06.19.23.C8,Thomomys bottae,botta's pocket gopher,Small rodent,Small rodent,Thomomys,Geomyidae,Rodentia,bottae,no,Dangermond,coyote,No,-120.48186,34.48438,GL
DCF1,D.06.19.23.F1,Canis latrans,coyote,Coyote,Coyote,Canis,Canidae,Carnivora,latrans,Coyote,Dangermond,fox,target,-120.4466,34.45184,GL
DCF1,D.06.19.23.F1,Microtus californicus,california vole,Small rodent,Small rodent,Microtus,Cricetidae,Rodentia,californicus,no,Dangermond,fox,No,-120.4466,34.45184,GL
DCF1,D.06.19.23.F1,Microtus californicus,california vole,Small rodent,Small rodent,Microtus,Cricetidae,Rodentia,californicus,no,Dangermond,fox,No,-120.4466,34.45184,GL
DCF1,D.06.19.23.F1,Neotoma sp,woodrat,Small rodent,Small rodent,Neotoma,Cricetidae,Rodentia,NA,no,Dangermond,fox,No,-120.4466,34.45184,GL
DCF1,D.06.19.23.F1,Neotoma sp,woodrat,Small rodent,Small rodent,Neotoma,Cricetidae,Rodentia,NA,no,Dangermond,fox,No,-120.4466,34.45184,GL
DCF1,D.06.19.23.F1,Peromyscus maniculatus,deer mouse,Small rodent,Small rodent,Peromyscus,Cricetidae,Rodentia,maniculatus,no,Dangermond,fox,No,-120.4466,34.45184,GL
DCF1,D.06.19.23.F1,Neotoma sp,woodrat,Small rodent,Small rodent,Neotoma,Cricetidae,Rodentia,NA,no,Dangermond,fox,No,-120.4466,34.45184,GL
DCF1,D.06.19.23.F1,Microtus californicus,california vole,Small rodent,Small rodent,Microtus,Cricetidae,Rodentia,californicus,no,Dangermond,fox,No,-120.4466,34.45184,GL
DCF1,D.06.19.23.F1,Peromyscus maniculatus,deer mouse,Small rodent,Small rodent,Peromyscus,Cricetidae,Rodentia,maniculatus,no,Dangermond,fox,No,-120.4466,34.45184,GL
DCF1,D.06.19.23.F1,Canis latrans,coyote,Coyote,Coyote,Canis,Canidae,Carnivora,latrans,Coyote,Dangermond,fox,target,-120.4466,34.45184,GL
DDB1,D.06.25.23.B1,Canis latrans,coyote,Coyote,Coyote,Canis,Canidae,Carnivora,latrans,Coyote,Dangermond,bobcat,target,-120.4529792,34.44596912,GL
DDB1,D.06.25.23.B1,Urile penicillatus,brandt's cormorant,Brandt's cormorant,Brandt's cormorant,Urile,Phalacrocoracidae,Suliformes,penicillatus,no,Dangermond,bobcat,No,-120.4529792,34.44596912,GL
DDB1,D.06.25.23.B1,Urile pelagicus,pelagic cormorant,Pelagic cormorant,Pelagic cormorant,Urile,Phalacrocoracidae,Suliformes,pelagicus,no,Dangermond,bobcat,No,-120.4529792,34.44596912,GL
DDB1,D.06.25.23.B1,Canis latrans,coyote,Coyote,Coyote,Canis,Canidae,Carnivora,latrans,Coyote,Dangermond,bobcat,target,-120.4529792,34.44596912,GL
DDB1,D.06.25.23.B1,Canis latrans,coyote,Coyote,Coyote,Canis,Canidae,Carnivora,latrans,Coyote,Dangermond,bobcat,target,-120.4529792,34.44596912,GL
DDB2,D.06.25.23.B2,Canis latrans,coyote,Coyote,Coyote,Canis,Canidae,Carnivora,latrans,Coyote,Dangermond,bobcat,target,-120.4440237,34.45164362,GL
DDB2,D.06.25.23.B2,Peromyscus maniculatus,deer mouse,Small rodent,Small rodent,Peromyscus,Cricetidae,Rodentia,maniculatus,no,Dangermond,bobcat,No,-120.4440237,34.45164362,GL
DDB2,D.06.25.23.B2,Peromyscus maniculatus,deer mouse,Small rodent,Small rodent,Peromyscus,Cricetidae,Rodentia,maniculatus,no,Dangermond,bobcat,No,-120.4440237,34.45164362,GL
DDB2,D.06.25.23.B2,Thomomys bottae,botta's pocket gopher,Small rodent,Small rodent,Thomomys,Geomyidae,Rodentia,bottae,no,Dangermond,bobcat,No,-120.4440237,34.45164362,GL
DDB2,D.06.25.23.B2,Canis latrans,coyote,Coyote,Coyote,Canis,Canidae,Carnivora,latrans,Coyote,Dangermond,bobcat,target,-120.4440237,34.45164362,GL
DDB3,D.06.25.23.B3,Canis latrans,coyote,Coyote,Coyote,Canis,Canidae,Carnivora,latrans,Coyote,Dangermond,bobcat,target,-120.4195505,34.45328838,GL
DDB3,D.06.25.23.B3,Canis latrans,coyote,Coyote,Coyote,Canis,Canidae,Carnivora,latrans,Coyote,Dangermond,bobcat,target,-120.4195505,34.45328838,GL
DDB3,D.06.25.23.B3,Peromyscus maniculatus,deer mouse,Small rodent,Small rodent,Peromyscus,Cricetidae,Rodentia,maniculatus,no,Dangermond,bobcat,No,-120.4195505,34.45328838,GL
DDB3,D.06.25.23.B3,Zalophus californianus,california sea lion,California sea lion,California sea lion,Zalophus,Otariidae,Carnivora,californianus,no,Dangermond,bobcat,No,-120.4195505,34.45328838,GL
DDB3,D.06.25.23.B3,Canis latrans,coyote,Coyote,Coyote,Canis,Canidae,Carnivora,latrans,Coyote,Dangermond,bobcat,target,-120.4195505,34.45328838,GL
DDB3,D.06.25.23.B3,Canis latrans,coyote,Coyote,Coyote,Canis,Canidae,Carnivora,latrans,Coyote,Dangermond,bobcat,target,-120.4195505,34.45328838,GL
DDB4,D.06.25.23.B4,Canis latrans,coyote,Coyote,Coyote,Canis,Canidae,Carnivora,latrans,Coyote,Dangermond,bobcat,target,NA,NA,GL
DDB4,D.06.25.23.B4,Peromyscus maniculatus,deer mouse,Small rodent,Small rodent,Peromyscus,Cricetidae,Rodentia,maniculatus,no,Dangermond,bobcat,No,NA,NA,GL
DDB4,D.06.25.23.B4,Peromyscus maniculatus,deer mouse,Small rodent,Small rodent,Peromyscus,Cricetidae,Rodentia,maniculatus,no,Dangermond,bobcat,No,NA,NA,GL
DDB4,D.06.25.23.B4,Canis latrans,coyote,Coyote,Coyote,Canis,Canidae,Carnivora,latrans,Coyote,Dangermond,bobcat,target,NA,NA,GL
DDB4,D.06.25.23.B4,Peromyscus maniculatus,deer mouse,Small rodent,Small rodent,Peromyscus,Cricetidae,Rodentia,maniculatus,no,Dangermond,bobcat,No,NA,NA,GL
DDB4,D.06.25.23.B4,Canis latrans,coyote,Coyote,Coyote,Canis,Canidae,Carnivora,latrans,Coyote,Dangermond,bobcat,target,NA,NA,GL
DDB4,D.06.25.23.B4,Canis latrans,coyote,Coyote,Coyote,Canis,Canidae,Carnivora,latrans,Coyote,Dangermond,bobcat,target,NA,NA,GL
DDC1,D.06.25.23.C1,Bos taurus,domestic cattle,Cattle,Cattle,Bos,Bovidae,Artiodactyla,taurus,no,Dangermond,coyote,No,NA,NA,GL
DDC1,D.06.25.23.C1,Canis latrans,coyote,Coyote,Coyote,Canis,Canidae,Carnivora,latrans,Coyote,Dangermond,coyote,target,NA,NA,GL
DDC1,D.06.25.23.C1,Thomomys bottae,botta's pocket gopher,Small rodent,Small rodent,Thomomys,Geomyidae,Rodentia,bottae,no,Dangermond,coyote,No,NA,NA,GL
DDC1,D.06.25.23.C1,Elgaria multicarinata,california alligator lizard,Reptile,Reptile/amphibian,Elgaria,Anguidae,Squamata,multicarinata,no,Dangermond,coyote,No,NA,NA,GL
DDC1,D.06.25.23.C1,Canis latrans,coyote,Coyote,Coyote,Canis,Canidae,Carnivora,latrans,Coyote,Dangermond,coyote,target,NA,NA,GL
DDC1,D.06.25.23.C1,Thomomys bottae,botta's pocket gopher,Small rodent,Small rodent,Thomomys,Geomyidae,Rodentia,bottae,no,Dangermond,coyote,No,NA,NA,GL
DDC1,D.06.25.23.C1,Thomomys bottae,botta's pocket gopher,Small rodent,Small rodent,Thomomys,Geomyidae,Rodentia,bottae,no,Dangermond,coyote,No,NA,NA,GL
DDC1,D.06.25.23.C1,Bos taurus,domestic cattle,Cattle,Cattle,Bos,Bovidae,Artiodactyla,taurus,no,Dangermond,coyote,No,NA,NA,GL
DDC10,D.06.25.23.C10,Canis latrans,coyote,Coyote,Coyote,Canis,Canidae,Carnivora,latrans,Coyote,Dangermond,coyote,target,NA,NA,GL
DDC10,D.06.25.23.C10,Canis latrans,coyote,Coyote,Coyote,Canis,Canidae,Carnivora,latrans,Coyote,Dangermond,coyote,target,NA,NA,GL
DDC10,D.06.25.23.C10,Thomomys bottae,botta's pocket gopher,Small rodent,Small rodent,Thomomys,Geomyidae,Rodentia,bottae,no,Dangermond,coyote,No,NA,NA,GL
DDC10,D.06.25.23.C10,Thomomys bottae,botta's pocket gopher,Small rodent,Small rodent,Thomomys,Geomyidae,Rodentia,bottae,no,Dangermond,coyote,No,NA,NA,GL
DDC10,D.06.25.23.C10,Canis latrans,coyote,Coyote,Coyote,Canis,Canidae,Carnivora,latrans,Coyote,Dangermond,coyote,target,NA,NA,GL
DDC12,D.06.25.23.C12,Canis latrans,coyote,Coyote,Coyote,Canis,Canidae,Carnivora,latrans,Coyote,Dangermond,coyote,target,NA,NA,GL
DDC12,D.06.25.23.C12,Zalophus californianus,california sea lion,California sea lion,California sea lion,Zalophus,Otariidae,Carnivora,californianus,no,Dangermond,coyote,No,NA,NA,GL
DDC12,D.06.25.23.C12,Canis latrans,coyote,Coyote,Coyote,Canis,Canidae,Carnivora,latrans,Coyote,Dangermond,coyote,target,NA,NA,GL
DDC12,D.06.25.23.C12,Zalophus californianus,california sea lion,California sea lion,California sea lion,Zalophus,Otariidae,Carnivora,californianus,no,Dangermond,coyote,No,NA,NA,GL
DDC12,D.06.25.23.C12,Pituophis catenifer,gopher snake,Reptile,Reptile/amphibian,Pituophis,Colubridae,Squamata,catenifer,no,Dangermond,coyote,No,NA,NA,GL
DDC12,D.06.25.23.C12,Zalophus californianus,california sea lion,California sea lion,California sea lion,Zalophus,Otariidae,Carnivora,californianus,no,Dangermond,coyote,No,NA,NA,GL
DDC12,D.06.25.23.C12,Pituophis catenifer,gopher snake,Reptile,Reptile/amphibian,Pituophis,Colubridae,Squamata,catenifer,no,Dangermond,coyote,No,NA,NA,GL
DDC12,D.06.25.23.C12,Canis latrans,coyote,Coyote,Coyote,Canis,Canidae,Carnivora,latrans,Coyote,Dangermond,coyote,target,NA,NA,GL
DDC13,D.06.25.23.C13,Canis latrans,coyote,Coyote,Coyote,Canis,Canidae,Carnivora,latrans,Coyote,Dangermond,coyote,target,NA,NA,GL
DDC13,D.06.25.23.C13,Peromyscus maniculatus,deer mouse,Small rodent,Small rodent,Peromyscus,Cricetidae,Rodentia,maniculatus,no,Dangermond,coyote,No,NA,NA,GL
DDC13,D.06.25.23.C13,Peromyscus maniculatus,deer mouse,Small rodent,Small rodent,Peromyscus,Cricetidae,Rodentia,maniculatus,no,Dangermond,coyote,No,NA,NA,GL
DDC13,D.06.25.23.C13,Canis latrans,coyote,Coyote,Coyote,Canis,Canidae,Carnivora,latrans,Coyote,Dangermond,coyote,target,NA,NA,GL
DDC13,D.06.25.23.C13,Elgaria multicarinata,california alligator lizard,Reptile,Reptile/amphibian,Elgaria,Anguidae,Squamata,multicarinata,no,Dangermond,coyote,No,NA,NA,GL
DDC15,D.06.25.23.C15,Canis latrans,coyote,Coyote,Coyote,Canis,Canidae,Carnivora,latrans,Coyote,Dangermond,coyote,target,NA,NA,GL
DDC15,D.06.25.23.C15,Peromyscus maniculatus,deer mouse,Small rodent,Small rodent,Peromyscus,Cricetidae,Rodentia,maniculatus,no,Dangermond,coyote,No,NA,NA,GL
DDC15,D.06.25.23.C15,Sylvilagus bachmani,brush rabbit,Brush rabbit,Brush rabbit,Sylvilagus,Leporidae,Lagomorpha,bachmani,no,Dangermond,coyote,No,NA,NA,GL
DDC15,D.06.25.23.C15,Sylvilagus bachmani,brush rabbit,Brush rabbit,Brush rabbit,Sylvilagus,Leporidae,Lagomorpha,bachmani,no,Dangermond,coyote,No,NA,NA,GL
DDC15,D.06.25.23.C15,Canis latrans,coyote,Coyote,Coyote,Canis,Canidae,Carnivora,latrans,Coyote,Dangermond,coyote,target,NA,NA,GL
DDC2,D.06.25.23.C2,Canis latrans,coyote,Coyote,Coyote,Canis,Canidae,Carnivora,latrans,Coyote,Dangermond,coyote,target,-120.445001,34.45123476,GL
DDC2,D.06.25.23.C2,Peromyscus maniculatus,deer mouse,Small rodent,Small rodent,Peromyscus,Cricetidae,Rodentia,maniculatus,no,Dangermond,coyote,No,-120.445001,34.45123476,GL
DDC2,D.06.25.23.C2,Peromyscus maniculatus,deer mouse,Small rodent,Small rodent,Peromyscus,Cricetidae,Rodentia,maniculatus,no,Dangermond,coyote,No,-120.445001,34.45123476,GL
DDC2,D.06.25.23.C2,Peromyscus maniculatus,deer mouse,Small rodent,Small rodent,Peromyscus,Cricetidae,Rodentia,maniculatus,no,Dangermond,coyote,No,-120.445001,34.45123476,GL
DDC2,D.06.25.23.C2,Peromyscus maniculatus,deer mouse,Small rodent,Small rodent,Peromyscus,Cricetidae,Rodentia,maniculatus,no,Dangermond,coyote,No,-120.445001,34.45123476,GL
DDC2,D.06.25.23.C2,Canis latrans,coyote,Coyote,Coyote,Canis,Canidae,Carnivora,latrans,Coyote,Dangermond,coyote,target,-120.445001,34.45123476,GL
DDC2,D.06.25.23.C2,Canis latrans,coyote,Coyote,Coyote,Canis,Canidae,Carnivora,latrans,Coyote,Dangermond,coyote,target,-120.445001,34.45123476,GL
DDC2,D.06.25.23.C2,Reithrodontomys megalotis,western harvest mouse,Small rodent,Small rodent,Reithrodontomys,Cricetidae,Rodentia,megalotis,no,Dangermond,coyote,No,-120.445001,34.45123476,GL
DDC2,D.06.25.23.C2,Thomomys bottae,botta's pocket gopher,Small rodent,Small rodent,Thomomys,Geomyidae,Rodentia,bottae,no,Dangermond,coyote,No,-120.445001,34.45123476,GL
DDC2,D.06.25.23.C2,Canis latrans,coyote,Coyote,Coyote,Canis,Canidae,Carnivora,latrans,Coyote,Dangermond,coyote,target,-120.445001,34.45123476,GL
DDC2,D.06.25.23.C2,Sus scrofa,wild boar,Wild boar,Wild boar,Sus,Suidae,Artiodactyla,scrofa,Wild boar,Dangermond,coyote,target,-120.445001,34.45123476,GL
DDC2,D.06.25.23.C2,Peromyscus maniculatus,deer mouse,Small rodent,Small rodent,Peromyscus,Cricetidae,Rodentia,maniculatus,no,Dangermond,coyote,No,-120.445001,34.45123476,GL
DDC2,D.06.25.23.C2,Lynx rufus,bobcat,Bobcat,Bobcat,Lynx,Felidae,Carnivora,rufus,Bobcat,Dangermond,coyote,target,-120.445001,34.45123476,GL
DDC2,D.06.25.23.C2,Reithrodontomys megalotis,western harvest mouse,Small rodent,Small rodent,Reithrodontomys,Cricetidae,Rodentia,megalotis,no,Dangermond,coyote,No,-120.445001,34.45123476,GL
DDC3,D.06.25.23.C3,Canis latrans,coyote,Coyote,Coyote,Canis,Canidae,Carnivora,latrans,Coyote,Dangermond,coyote,target,-120.4454191,34.45158411,GL
DDC3,D.06.25.23.C3,Microtus californicus,california vole,Small rodent,Small rodent,Microtus,Cricetidae,Rodentia,californicus,no,Dangermond,coyote,No,-120.4454191,34.45158411,GL
DDC3,D.06.25.23.C3,Peromyscus maniculatus,deer mouse,Small rodent,Small rodent,Peromyscus,Cricetidae,Rodentia,maniculatus,no,Dangermond,coyote,No,-120.4454191,34.45158411,GL
DDC3,D.06.25.23.C3,Peromyscus maniculatus,deer mouse,Small rodent,Small rodent,Peromyscus,Cricetidae,Rodentia,maniculatus,no,Dangermond,coyote,No,-120.4454191,34.45158411,GL
DDC3,D.06.25.23.C3,Peromyscus maniculatus,deer mouse,Small rodent,Small rodent,Peromyscus,Cricetidae,Rodentia,maniculatus,no,Dangermond,coyote,No,-120.4454191,34.45158411,GL
DDC3,D.06.25.23.C3,Peromyscus maniculatus,deer mouse,Small rodent,Small rodent,Peromyscus,Cricetidae,Rodentia,maniculatus,no,Dangermond,coyote,No,-120.4454191,34.45158411,GL
DDC3,D.06.25.23.C3,Microtus californicus,california vole,Small rodent,Small rodent,Microtus,Cricetidae,Rodentia,californicus,no,Dangermond,coyote,No,-120.4454191,34.45158411,GL
DDC3,D.06.25.23.C3,Reithrodontomys megalotis,western harvest mouse,Small rodent,Small rodent,Reithrodontomys,Cricetidae,Rodentia,megalotis,no,Dangermond,coyote,No,-120.4454191,34.45158411,GL
DDC3,D.06.25.23.C3,Thomomys bottae,botta's pocket gopher,Small rodent,Small rodent,Thomomys,Geomyidae,Rodentia,bottae,no,Dangermond,coyote,No,-120.4454191,34.45158411,GL
DDC3,D.06.25.23.C3,Reithrodontomys megalotis,western harvest mouse,Small rodent,Small rodent,Reithrodontomys,Cricetidae,Rodentia,megalotis,no,Dangermond,coyote,No,-120.4454191,34.45158411,GL
DDC3,D.06.25.23.C3,Canis latrans,coyote,Coyote,Coyote,Canis,Canidae,Carnivora,latrans,Coyote,Dangermond,coyote,target,-120.4454191,34.45158411,GL
DDC4,D.06.25.23.C4,Canis latrans,coyote,Coyote,Coyote,Canis,Canidae,Carnivora,latrans,Coyote,Dangermond,coyote,target,-120.447627,34.45149573,GL
DDC4,D.06.25.23.C4,Microtus californicus,california vole,Small rodent,Small rodent,Microtus,Cricetidae,Rodentia,californicus,no,Dangermond,coyote,No,-120.447627,34.45149573,GL
DDC4,D.06.25.23.C4,Peromyscus maniculatus,deer mouse,Small rodent,Small rodent,Peromyscus,Cricetidae,Rodentia,maniculatus,no,Dangermond,coyote,No,-120.447627,34.45149573,GL
DDC4,D.06.25.23.C4,Peromyscus maniculatus,deer mouse,Small rodent,Small rodent,Peromyscus,Cricetidae,Rodentia,maniculatus,no,Dangermond,coyote,No,-120.447627,34.45149573,GL
DDC4,D.06.25.23.C4,Peromyscus maniculatus,deer mouse,Small rodent,Small rodent,Peromyscus,Cricetidae,Rodentia,maniculatus,no,Dangermond,coyote,No,-120.447627,34.45149573,GL
DDC4,D.06.25.23.C4,Canis latrans,coyote,Coyote,Coyote,Canis,Canidae,Carnivora,latrans,Coyote,Dangermond,coyote,target,-120.447627,34.45149573,GL
DDC4,D.06.25.23.C4,Thomomys bottae,botta's pocket gopher,Small rodent,Small rodent,Thomomys,Geomyidae,Rodentia,bottae,no,Dangermond,coyote,No,-120.447627,34.45149573,GL
DDC4,D.06.25.23.C4,Peromyscus maniculatus,deer mouse,Small rodent,Small rodent,Peromyscus,Cricetidae,Rodentia,maniculatus,no,Dangermond,coyote,No,-120.447627,34.45149573,GL
DDC4,D.06.25.23.C4,Peromyscus maniculatus,deer mouse,Small rodent,Small rodent,Peromyscus,Cricetidae,Rodentia,maniculatus,no,Dangermond,coyote,No,-120.447627,34.45149573,GL
DDC4,D.06.25.23.C4,Microtus californicus,california vole,Small rodent,Small rodent,Microtus,Cricetidae,Rodentia,californicus,no,Dangermond,coyote,No,-120.447627,34.45149573,GL
DDC4,D.06.25.23.C4,Microtus californicus,california vole,Small rodent,Small rodent,Microtus,Cricetidae,Rodentia,californicus,no,Dangermond,coyote,No,-120.447627,34.45149573,GL
DDC5,D.06.25.23.C5,Canis latrans,coyote,Coyote,Coyote,Canis,Canidae,Carnivora,latrans,Coyote,Dangermond,coyote,target,NA,NA,GL
DDC5,D.06.25.23.C5,Canis latrans,coyote,Coyote,Coyote,Canis,Canidae,Carnivora,latrans,Coyote,Dangermond,coyote,target,NA,NA,GL
DDC5,D.06.25.23.C5,Peromyscus maniculatus,deer mouse,Small rodent,Small rodent,Peromyscus,Cricetidae,Rodentia,maniculatus,no,Dangermond,coyote,No,NA,NA,GL
DDC5,D.06.25.23.C5,Elgaria multicarinata,california alligator lizard,Reptile,Reptile/amphibian,Elgaria,Anguidae,Squamata,multicarinata,no,Dangermond,coyote,No,NA,NA,GL
DDC5,D.06.25.23.C5,Canis latrans,coyote,Coyote,Coyote,Canis,Canidae,Carnivora,latrans,Coyote,Dangermond,coyote,target,NA,NA,GL
DDC6,D.06.25.23.C6,Canis latrans,coyote,Coyote,Coyote,Canis,Canidae,Carnivora,latrans,Coyote,Dangermond,coyote,target,-120.4664817,34.46944833,GL
DDC6,D.06.25.23.C6,Microtus californicus,california vole,Small rodent,Small rodent,Microtus,Cricetidae,Rodentia,californicus,no,Dangermond,coyote,No,-120.4664817,34.46944833,GL
DDC6,D.06.25.23.C6,Microtus californicus,california vole,Small rodent,Small rodent,Microtus,Cricetidae,Rodentia,californicus,no,Dangermond,coyote,No,-120.4664817,34.46944833,GL
DDC6,D.06.25.23.C6,Microtus californicus,california vole,Small rodent,Small rodent,Microtus,Cricetidae,Rodentia,californicus,no,Dangermond,coyote,No,-120.4664817,34.46944833,GL
DDC6,D.06.25.23.C6,Peromyscus maniculatus,deer mouse,Small rodent,Small rodent,Peromyscus,Cricetidae,Rodentia,maniculatus,no,Dangermond,coyote,No,-120.4664817,34.46944833,GL
DDC6,D.06.25.23.C6,Peromyscus maniculatus,deer mouse,Small rodent,Small rodent,Peromyscus,Cricetidae,Rodentia,maniculatus,no,Dangermond,coyote,No,-120.4664817,34.46944833,GL
DDC6,D.06.25.23.C6,Peromyscus maniculatus,deer mouse,Small rodent,Small rodent,Peromyscus,Cricetidae,Rodentia,maniculatus,no,Dangermond,coyote,No,-120.4664817,34.46944833,GL
DDC6,D.06.25.23.C6,Reithrodontomys megalotis,western harvest mouse,Small rodent,Small rodent,Reithrodontomys,Cricetidae,Rodentia,megalotis,no,Dangermond,coyote,No,-120.4664817,34.46944833,GL
DDC6,D.06.25.23.C6,Thomomys bottae,botta's pocket gopher,Small rodent,Small rodent,Thomomys,Geomyidae,Rodentia,bottae,no,Dangermond,coyote,No,-120.4664817,34.46944833,GL
DDC6,D.06.25.23.C6,Canis latrans,coyote,Coyote,Coyote,Canis,Canidae,Carnivora,latrans,Coyote,Dangermond,coyote,target,-120.4664817,34.46944833,GL
DDC6,D.06.25.23.C6,Microtus californicus,california vole,Small rodent,Small rodent,Microtus,Cricetidae,Rodentia,californicus,no,Dangermond,coyote,No,-120.4664817,34.46944833,GL
DDC7,D.06.25.23.C7,Canis latrans,coyote,Coyote,Coyote,Canis,Canidae,Carnivora,latrans,Coyote,Dangermond,coyote,target,-120.4664012,34.46951612,GL
DDC7,D.06.25.23.C7,Microtus californicus,california vole,Small rodent,Small rodent,Microtus,Cricetidae,Rodentia,californicus,no,Dangermond,coyote,No,-120.4664012,34.46951612,GL
DDC7,D.06.25.23.C7,Peromyscus maniculatus,deer mouse,Small rodent,Small rodent,Peromyscus,Cricetidae,Rodentia,maniculatus,no,Dangermond,coyote,No,-120.4664012,34.46951612,GL
DDC7,D.06.25.23.C7,Reithrodontomys megalotis,western harvest mouse,Small rodent,Small rodent,Reithrodontomys,Cricetidae,Rodentia,megalotis,no,Dangermond,coyote,No,-120.4664012,34.46951612,GL
DDC7,D.06.25.23.C7,Peromyscus maniculatus,deer mouse,Small rodent,Small rodent,Peromyscus,Cricetidae,Rodentia,maniculatus,no,Dangermond,coyote,No,-120.4664012,34.46951612,GL
DDC7,D.06.25.23.C7,Peromyscus maniculatus,deer mouse,Small rodent,Small rodent,Peromyscus,Cricetidae,Rodentia,maniculatus,no,Dangermond,coyote,No,-120.4664012,34.46951612,GL
DDC7,D.06.25.23.C7,Canis latrans,coyote,Coyote,Coyote,Canis,Canidae,Carnivora,latrans,Coyote,Dangermond,coyote,target,-120.4664012,34.46951612,GL
DDC7,D.06.25.23.C7,Microtus californicus,california vole,Small rodent,Small rodent,Microtus,Cricetidae,Rodentia,californicus,no,Dangermond,coyote,No,-120.4664012,34.46951612,GL
DDC8,D.06.25.23.C8,Canis latrans,coyote,Coyote,Coyote,Canis,Canidae,Carnivora,latrans,Coyote,Dangermond,coyote,target,-120.4664079,34.46950476,GL
DDC8,D.06.25.23.C8,Microtus californicus,california vole,Small rodent,Small rodent,Microtus,Cricetidae,Rodentia,californicus,no,Dangermond,coyote,No,-120.4664079,34.46950476,GL
DDC8,D.06.25.23.C8,Canis latrans,coyote,Coyote,Coyote,Canis,Canidae,Carnivora,latrans,Coyote,Dangermond,coyote,target,-120.4664079,34.46950476,GL
DDC8,D.06.25.23.C8,Thomomys bottae,botta's pocket gopher,Small rodent,Small rodent,Thomomys,Geomyidae,Rodentia,bottae,no,Dangermond,coyote,No,-120.4664079,34.46950476,GL
DDC8,D.06.25.23.C8,Microtus californicus,california vole,Small rodent,Small rodent,Microtus,Cricetidae,Rodentia,californicus,no,Dangermond,coyote,No,-120.4664079,34.46950476,GL
DDC9,D.06.25.23.C9,Canis latrans,coyote,Coyote,Coyote,Canis,Canidae,Carnivora,latrans,Coyote,Dangermond,coyote,target,-120.4663651,34.46951871,GL
DDC9,D.06.25.23.C9,Canis latrans,coyote,Coyote,Coyote,Canis,Canidae,Carnivora,latrans,Coyote,Dangermond,coyote,target,-120.4663651,34.46951871,GL
DDC9,D.06.25.23.C9,Canis latrans,coyote,Coyote,Coyote,Canis,Canidae,Carnivora,latrans,Coyote,Dangermond,coyote,target,-120.4663651,34.46951871,GL
DDC9,D.06.25.23.C9,Canis latrans,coyote,Coyote,Coyote,Canis,Canidae,Carnivora,latrans,Coyote,Dangermond,coyote,target,-120.4663651,34.46951871,GL
DDC9,D.06.25.23.C9,Canis latrans,coyote,Coyote,Coyote,Canis,Canidae,Carnivora,latrans,Coyote,Dangermond,coyote,target,-120.4663651,34.46951871,GL
DDK2,D.06.25.23.unk2,Canis latrans,coyote,Coyote,Coyote,Canis,Canidae,Carnivora,latrans,Coyote,Dangermond,unknown,target,NA,NA,GL
DDK2,D.06.25.23.unk2,Canis latrans,coyote,Coyote,Coyote,Canis,Canidae,Carnivora,latrans,Coyote,Dangermond,unknown,target,NA,NA,GL
DDK2,D.06.25.23.unk2,Zalophus californianus,california sea lion,California sea lion,California sea lion,Zalophus,Otariidae,Carnivora,californianus,no,Dangermond,unknown,No,NA,NA,GL
DDK2,D.06.25.23.unk2,Canis latrans,coyote,Coyote,Coyote,Canis,Canidae,Carnivora,latrans,Coyote,Dangermond,unknown,target,NA,NA,GL
DDK2,D.06.25.23.unk2,Canis latrans,coyote,Coyote,Coyote,Canis,Canidae,Carnivora,latrans,Coyote,Dangermond,unknown,target,NA,NA,GL
DDP2,D.06.25.23.P2,Canis latrans,coyote,Coyote,Coyote,Canis,Canidae,Carnivora,latrans,Coyote,Dangermond,puma,target,NA,NA,GL
DDP2,D.06.25.23.P2,Microtus californicus,california vole,Small rodent,Small rodent,Microtus,Cricetidae,Rodentia,californicus,no,Dangermond,puma,No,NA,NA,GL
DDP2,D.06.25.23.P2,Microtus californicus,california vole,Small rodent,Small rodent,Microtus,Cricetidae,Rodentia,californicus,no,Dangermond,puma,No,NA,NA,GL
DDP2,D.06.25.23.P2,Peromyscus maniculatus,deer mouse,Small rodent,Small rodent,Peromyscus,Cricetidae,Rodentia,maniculatus,no,Dangermond,puma,No,NA,NA,GL
DDP2,D.06.25.23.P2,Peromyscus maniculatus,deer mouse,Small rodent,Small rodent,Peromyscus,Cricetidae,Rodentia,maniculatus,no,Dangermond,puma,No,NA,NA,GL
DDP2,D.06.25.23.P2,Urile penicillatus,brandt's cormorant,Brandt's cormorant,Brandt's cormorant,Urile,Phalacrocoracidae,Suliformes,penicillatus,no,Dangermond,puma,No,NA,NA,GL
DDP2,D.06.25.23.P2,Microtus californicus,california vole,Small rodent,Small rodent,Microtus,Cricetidae,Rodentia,californicus,no,Dangermond,puma,No,NA,NA,GL
DDP2,D.06.25.23.P2,Microtus californicus,california vole,Small rodent,Small rodent,Microtus,Cricetidae,Rodentia,californicus,no,Dangermond,puma,No,NA,NA,GL
DDP2,D.06.25.23.P2,Microtus californicus,california vole,Small rodent,Small rodent,Microtus,Cricetidae,Rodentia,californicus,no,Dangermond,puma,No,NA,NA,GL
DDP2,D.06.25.23.P2,Urile pelagicus,pelagic cormorant,Pelagic cormorant,Pelagic cormorant,Urile,Phalacrocoracidae,Suliformes,pelagicus,no,Dangermond,puma,No,NA,NA,GL
DDP2,D.06.25.23.P2,Anthrenus sp,carpet beetle,Terrestrial insect,Terrestrial insect,Anthrenus,Dermestidae,Coleoptera,NA,no,Dangermond,puma,No,NA,NA,GL
DDP2,D.06.25.23.P2,Canis latrans,coyote,Coyote,Coyote,Canis,Canidae,Carnivora,latrans,Coyote,Dangermond,puma,target,NA,NA,GL
DDP2,D.06.25.23.P2,Microtus californicus,california vole,Small rodent,Small rodent,Microtus,Cricetidae,Rodentia,californicus,no,Dangermond,puma,No,NA,NA,GL
DDP2,D.06.25.23.P2,Creophilus sp,rove beetle,Terrestrial insect,Terrestrial insect,Creophilus,Staphylinidae,Coleoptera,NA,no,Dangermond,puma,No,NA,NA,GL
DDP2,D.06.25.23.P2,Microtus californicus,california vole,Small rodent,Small rodent,Microtus,Cricetidae,Rodentia,californicus,no,Dangermond,puma,No,NA,NA,GL
DDP2,D.06.25.23.P2,Peromyscus maniculatus,deer mouse,Small rodent,Small rodent,Peromyscus,Cricetidae,Rodentia,maniculatus,no,Dangermond,puma,No,NA,NA,GL
DEB1,D.06.26.23.B1,Canis latrans,coyote,Coyote,Coyote,Canis,Canidae,Carnivora,latrans,Coyote,Dangermond,bobcat,target,-120.4730243,34.45986995,GL
DEB1,D.06.26.23.B1,Microtus californicus,california vole,Small rodent,Small rodent,Microtus,Cricetidae,Rodentia,californicus,no,Dangermond,bobcat,No,-120.4730243,34.45986995,GL
DEB1,D.06.26.23.B1,Microtus californicus,california vole,Small rodent,Small rodent,Microtus,Cricetidae,Rodentia,californicus,no,Dangermond,bobcat,No,-120.4730243,34.45986995,GL
DEB1,D.06.26.23.B1,Canis latrans,coyote,Coyote,Coyote,Canis,Canidae,Carnivora,latrans,Coyote,Dangermond,bobcat,target,-120.4730243,34.45986995,GL
DEB2,D.06.26.23.B2,Callipepla californica,california quail,Terrestrial bird,Terrestrial bird,Callipepla,Odontophoridae,Galliformes,californica,no,Dangermond,bobcat,No,-120.4738304,34.4674196,GL
DEB2,D.06.26.23.B2,Canis latrans,coyote,Coyote,Coyote,Canis,Canidae,Carnivora,latrans,Coyote,Dangermond,bobcat,target,-120.4738304,34.4674196,GL
DEB2,D.06.26.23.B2,Peromyscus maniculatus,deer mouse,Small rodent,Small rodent,Peromyscus,Cricetidae,Rodentia,maniculatus,no,Dangermond,bobcat,No,-120.4738304,34.4674196,GL
DEB2,D.06.26.23.B2,Peromyscus maniculatus,deer mouse,Small rodent,Small rodent,Peromyscus,Cricetidae,Rodentia,maniculatus,no,Dangermond,bobcat,No,-120.4738304,34.4674196,GL
DEB2,D.06.26.23.B2,Sylvilagus bachmani,brush rabbit,Brush rabbit,Brush rabbit,Sylvilagus,Leporidae,Lagomorpha,bachmani,no,Dangermond,bobcat,No,-120.4738304,34.4674196,GL
DEB2,D.06.26.23.B2,Callipepla californica,california quail,Terrestrial bird,Terrestrial bird,Callipepla,Odontophoridae,Galliformes,NA,no,Dangermond,bobcat,No,-120.4738304,34.4674196,GL
DEB2,D.06.26.23.B2,Thomomys bottae,botta's pocket gopher,Small rodent,Small rodent,Thomomys,Geomyidae,Rodentia,bottae,no,Dangermond,bobcat,No,-120.4738304,34.4674196,GL
DEB2,D.06.26.23.B2,Canis latrans,coyote,Coyote,Coyote,Canis,Canidae,Carnivora,latrans,Coyote,Dangermond,bobcat,target,-120.4738304,34.4674196,GL
DEB2,D.06.26.23.B2,Sylvilagus bachmani,brush rabbit,Brush rabbit,Brush rabbit,Sylvilagus,Leporidae,Lagomorpha,bachmani,no,Dangermond,bobcat,No,-120.4738304,34.4674196,GL
DEB3,D.06.26.23.B3,Canis latrans,coyote,Coyote,Coyote,Canis,Canidae,Carnivora,latrans,Coyote,Dangermond,bobcat,target,-120.4737367,34.46763958,GL
DEB3,D.06.26.23.B3,Peromyscus maniculatus,deer mouse,Small rodent,Small rodent,Peromyscus,Cricetidae,Rodentia,maniculatus,no,Dangermond,bobcat,No,-120.4737367,34.46763958,GL
DEB3,D.06.26.23.B3,Peromyscus maniculatus,deer mouse,Small rodent,Small rodent,Peromyscus,Cricetidae,Rodentia,maniculatus,no,Dangermond,bobcat,No,-120.4737367,34.46763958,GL
DEB3,D.06.26.23.B3,Peromyscus maniculatus,deer mouse,Small rodent,Small rodent,Peromyscus,Cricetidae,Rodentia,maniculatus,no,Dangermond,bobcat,No,-120.4737367,34.46763958,GL
DEB3,D.06.26.23.B3,Peromyscus maniculatus,deer mouse,Small rodent,Small rodent,Peromyscus,Cricetidae,Rodentia,maniculatus,no,Dangermond,bobcat,No,-120.4737367,34.46763958,GL
DEB3,D.06.26.23.B3,Thomomys bottae,botta's pocket gopher,Small rodent,Small rodent,Thomomys,Geomyidae,Rodentia,bottae,no,Dangermond,bobcat,No,-120.4737367,34.46763958,GL
DEB3,D.06.26.23.B3,Reithrodontomys megalotis,western harvest mouse,Small rodent,Small rodent,Reithrodontomys,Cricetidae,Rodentia,megalotis,no,Dangermond,bobcat,No,-120.4737367,34.46763958,GL
DEB3,D.06.26.23.B3,Canis latrans,coyote,Coyote,Coyote,Canis,Canidae,Carnivora,latrans,Coyote,Dangermond,bobcat,target,-120.4737367,34.46763958,GL
DEB3,D.06.26.23.B3,Reithrodontomys megalotis,western harvest mouse,Small rodent,Small rodent,Reithrodontomys,Cricetidae,Rodentia,megalotis,no,Dangermond,bobcat,No,-120.4737367,34.46763958,GL
DEF1,D.06.26.23.F1,Canis latrans,coyote,Coyote,Coyote,Canis,Canidae,Carnivora,latrans,Coyote,Dangermond,fox,target,-120.4736763,34.46773826,GL
DEF1,D.06.26.23.F1,Alosa sapidissima,american shad,American shad,American shad,Alosa,Clupeidae,Clupeiformes,sapidissima,no,Dangermond,fox,No,-120.4736763,34.46773826,GL
DEF1,D.06.26.23.F1,Thomomys bottae,botta's pocket gopher,Small rodent,Small rodent,Thomomys,Geomyidae,Rodentia,bottae,no,Dangermond,fox,No,-120.4736763,34.46773826,GL
DEF1,D.06.26.23.F1,Anchoa ischana,sharpnose anchovy,Sharpnose anchovy,Sharpnose anchovy,Anchoa,Engraulidae,Clupeiformes,ischana,no,Dangermond,fox,No,-120.4736763,34.46773826,GL
DEF1,D.06.26.23.F1,Canis latrans,coyote,Coyote,Coyote,Canis,Canidae,Carnivora,latrans,Coyote,Dangermond,fox,target,-120.4736763,34.46773826,GL
DEP2,D.06.26.23.P2,Canis latrans,coyote,Coyote,Coyote,Canis,Canidae,Carnivora,latrans,Coyote,Dangermond,puma,target,NA,NA,GL
DEP2,D.06.26.23.P2,Peromyscus maniculatus,deer mouse,Small rodent,Small rodent,Peromyscus,Cricetidae,Rodentia,maniculatus,no,Dangermond,puma,No,NA,NA,GL
DEP2,D.06.26.23.P2,Reithrodontomys megalotis,western harvest mouse,Small rodent,Small rodent,Reithrodontomys,Cricetidae,Rodentia,megalotis,no,Dangermond,puma,No,NA,NA,GL
DEP2,D.06.26.23.P2,Canis latrans,coyote,Coyote,Coyote,Canis,Canidae,Carnivora,latrans,Coyote,Dangermond,puma,target,NA,NA,GL
DEP2,D.06.26.23.P2,Canis latrans,coyote,Coyote,Coyote,Canis,Canidae,Carnivora,latrans,Coyote,Dangermond,puma,target,NA,NA,GL
DFB1,D.06.27.23.B1,Canis latrans,coyote,Coyote,Coyote,Canis,Canidae,Carnivora,latrans,Coyote,Dangermond,bobcat,target,-120.4442888,34.4517026,GL
DFB1,D.06.27.23.B1,Peromyscus maniculatus,deer mouse,Small rodent,Small rodent,Peromyscus,Cricetidae,Rodentia,maniculatus,no,Dangermond,bobcat,No,-120.4442888,34.4517026,GL
DFB1,D.06.27.23.B1,Melanerpes formicivorus,acorn woodpecker,Terrestrial bird,Terrestrial bird,Melanerpes,Picidae,Piciformes,formicivorus,no,Dangermond,bobcat,No,-120.4442888,34.4517026,GL
DFB1,D.06.27.23.B1,Canis latrans,coyote,Coyote,Coyote,Canis,Canidae,Carnivora,latrans,Coyote,Dangermond,bobcat,target,-120.4442888,34.4517026,GL
DFB1,D.06.27.23.B1,Dryobates pubescens,downy woodpecker,Terrestrial bird,Terrestrial bird,Dryobates,Picidae,Piciformes,pubescens,no,Dangermond,bobcat,No,-120.4442888,34.4517026,GL
DFB2,D.06.27.23.B2,Canis latrans,coyote,Coyote,Coyote,Canis,Canidae,Carnivora,latrans,Coyote,Dangermond,bobcat,target,-120.4401475,34.45193927,GL
DFB2,D.06.27.23.B2,Peromyscus maniculatus,deer mouse,Small rodent,Small rodent,Peromyscus,Cricetidae,Rodentia,maniculatus,no,Dangermond,bobcat,No,-120.4401475,34.45193927,GL
DFB2,D.06.27.23.B2,Anadara sp,clam,Clam,Inflated ark clam,Anadara,Arcidae,Arcida,NA,no,Dangermond,bobcat,No,-120.4401475,34.45193927,GL
DFB2,D.06.27.23.B2,Anadara sp,clam,Clam,Inflated ark clam,Anadara,Arcidae,Arcida,NA,no,Dangermond,bobcat,No,-120.4401475,34.45193927,GL
DFB2,D.06.27.23.B2,Anadara sp,clam,Clam,Inflated ark clam,Anadara,Arcidae,Arcida,NA,no,Dangermond,bobcat,No,-120.4401475,34.45193927,GL
DFB2,D.06.27.23.B2,Anadara sp,clam,Clam,Inflated ark clam,Anadara,Arcidae,Arcida,NA,no,Dangermond,bobcat,No,-120.4401475,34.45193927,GL
DFB2,D.06.27.23.B2,Lynx rufus,bobcat,Bobcat,Bobcat,Lynx,Felidae,Carnivora,rufus,Bobcat,Dangermond,bobcat,target,-120.4401475,34.45193927,GL
DFB2,D.06.27.23.B2,Canis latrans,coyote,Coyote,Coyote,Canis,Canidae,Carnivora,latrans,Coyote,Dangermond,bobcat,target,-120.4401475,34.45193927,GL
DFB2,D.06.27.23.B2,Canis latrans,coyote,Coyote,Coyote,Canis,Canidae,Carnivora,latrans,Coyote,Dangermond,bobcat,target,-120.4401475,34.45193927,GL
DFB3,D.06.27.23.B3,Canis latrans,coyote,Coyote,Coyote,Canis,Canidae,Carnivora,latrans,Coyote,Dangermond,bobcat,target,-120.4400732,34.45195087,GL
DFB3,D.06.27.23.B3,Peromyscus maniculatus,deer mouse,Small rodent,Small rodent,Peromyscus,Cricetidae,Rodentia,maniculatus,no,Dangermond,bobcat,No,-120.4400732,34.45195087,GL
DFB3,D.06.27.23.B3,Peromyscus maniculatus,deer mouse,Small rodent,Small rodent,Peromyscus,Cricetidae,Rodentia,maniculatus,no,Dangermond,bobcat,No,-120.4400732,34.45195087,GL
DFB3,D.06.27.23.B3,Canis latrans,coyote,Coyote,Coyote,Canis,Canidae,Carnivora,latrans,Coyote,Dangermond,bobcat,target,-120.4400732,34.45195087,GL
DFB3,D.06.27.23.B3,Reithrodontomys megalotis,western harvest mouse,Small rodent,Small rodent,Reithrodontomys,Cricetidae,Rodentia,megalotis,no,Dangermond,bobcat,No,-120.4400732,34.45195087,GL
DFB3,D.06.27.23.B3,Thomomys bottae,botta's pocket gopher,Small rodent,Small rodent,Thomomys,Geomyidae,Rodentia,bottae,no,Dangermond,bobcat,No,-120.4400732,34.45195087,GL
DFB4,D.06.27.23.B4,Lynx rufus,bobcat,Bobcat,Bobcat,Lynx,Felidae,Carnivora,rufus,Bobcat,Dangermond,bobcat,target,-120.4437482,34.45269652,GL
DFB4,D.06.27.23.B4,Microtus californicus,california vole,Small rodent,Small rodent,Microtus,Cricetidae,Rodentia,californicus,no,Dangermond,bobcat,No,-120.4437482,34.45269652,GL
DFB4,D.06.27.23.B4,Microtus californicus,california vole,Small rodent,Small rodent,Microtus,Cricetidae,Rodentia,californicus,no,Dangermond,bobcat,No,-120.4437482,34.45269652,GL
DFB4,D.06.27.23.B4,Microtus californicus,california vole,Small rodent,Small rodent,Microtus,Cricetidae,Rodentia,californicus,no,Dangermond,bobcat,No,-120.4437482,34.45269652,GL
DFB4,D.06.27.23.B4,Microtus californicus,california vole,Small rodent,Small rodent,Microtus,Cricetidae,Rodentia,californicus,no,Dangermond,bobcat,No,-120.4437482,34.45269652,GL
DFB4,D.06.27.23.B4,Microtus californicus,california vole,Small rodent,Small rodent,Microtus,Cricetidae,Rodentia,californicus,no,Dangermond,bobcat,No,-120.4437482,34.45269652,GL
DFB4,D.06.27.23.B4,Microtus californicus,california vole,Small rodent,Small rodent,Microtus,Cricetidae,Rodentia,californicus,no,Dangermond,bobcat,No,-120.4437482,34.45269652,GL
DFB4,D.06.27.23.B4,Odocoileus hemionus,mule deer,Mule deer,Mule deer,Odocoileus,Cervidae,Artiodactyla,hemionus,Mule deer,Dangermond,bobcat,target,-120.4437482,34.45269652,GL
DFB4,D.06.27.23.B4,Microtus californicus,california vole,Small rodent,Small rodent,Microtus,Cricetidae,Rodentia,californicus,no,Dangermond,bobcat,No,-120.4437482,34.45269652,GL
DFB4,D.06.27.23.B4,Odocoileus hemionus,mule deer,Mule deer,Mule deer,Odocoileus,Cervidae,Artiodactyla,hemionus,Mule deer,Dangermond,bobcat,target,-120.4437482,34.45269652,GL
DFB4,D.06.27.23.B4,Thomomys bottae,botta's pocket gopher,Small rodent,Small rodent,Thomomys,Geomyidae,Rodentia,bottae,no,Dangermond,bobcat,No,-120.4437482,34.45269652,GL
DFB4,D.06.27.23.B4,Thomomys bottae,botta's pocket gopher,Small rodent,Small rodent,Thomomys,Geomyidae,Rodentia,bottae,no,Dangermond,bobcat,No,-120.4437482,34.45269652,GL
DFB4,D.06.27.23.B4,Microtus californicus,california vole,Small rodent,Small rodent,Microtus,Cricetidae,Rodentia,californicus,no,Dangermond,bobcat,No,-120.4437482,34.45269652,GL
DFB4,D.06.27.23.B4,Microtus californicus,california vole,Small rodent,Small rodent,Microtus,Cricetidae,Rodentia,californicus,no,Dangermond,bobcat,No,-120.4437482,34.45269652,GL
DFB4,D.06.27.23.B4,Lynx rufus,bobcat,Bobcat,Bobcat,Lynx,Felidae,Carnivora,rufus,Bobcat,Dangermond,bobcat,target,-120.4437482,34.45269652,GL
DFB4,D.06.27.23.B4,Microtus californicus,california vole,Small rodent,Small rodent,Microtus,Cricetidae,Rodentia,californicus,no,Dangermond,bobcat,No,-120.4437482,34.45269652,GL
DFB4,D.06.27.23.B4,Microtus californicus,california vole,Small rodent,Small rodent,Microtus,Cricetidae,Rodentia,californicus,no,Dangermond,bobcat,No,-120.4437482,34.45269652,GL
DFK1,D.06.27.23.UNK1,Sus scrofa,wild boar,Wild boar,Wild boar,Sus,Suidae,Artiodactyla,scrofa,Wild boar,Dangermond,bear,target,-120.4402338,34.45192177,GL
DFK1,D.06.27.23.UNK1,Sus scrofa,wild boar,Wild boar,Wild boar,Sus,Suidae,Artiodactyla,scrofa,Wild boar,Dangermond,bear,target,-120.4402338,34.45192177,GL
DFU1,D.06.27.23.U1,Sus scrofa,wild boar,Wild boar,Wild boar,Sus,Suidae,Artiodactyla,scrofa,Wild boar,Dangermond,bear,target,-120.4404054,34.4519204,GL
DGB1,D.06.28.23.B1,Lynx rufus,bobcat,Bobcat,Bobcat,Lynx,Felidae,Carnivora,rufus,Bobcat,Dangermond,bobcat,target,-120.4445108,34.45937928,GL
DGB1,D.06.28.23.B1,Lynx rufus,bobcat,Bobcat,Bobcat,Lynx,Felidae,Carnivora,rufus,Bobcat,Dangermond,bobcat,target,-120.4445108,34.45937928,GL
DGB1,D.06.28.23.B1,Neotoma sp,woodrat,Small rodent,Small rodent,Neotoma,Cricetidae,Rodentia,NA,no,Dangermond,bobcat,No,-120.4445108,34.45937928,GL
DGB1,D.06.28.23.B1,Neotoma sp,woodrat,Small rodent,Small rodent,Neotoma,Cricetidae,Rodentia,NA,no,Dangermond,bobcat,No,-120.4445108,34.45937928,GL
DGB1,D.06.28.23.B1,Lynx rufus,bobcat,Bobcat,Bobcat,Lynx,Felidae,Carnivora,rufus,Bobcat,Dangermond,bobcat,target,-120.4445108,34.45937928,GL
DGB1,D.06.28.23.B1,Neotoma sp,woodrat,Small rodent,Small rodent,Neotoma,Cricetidae,Rodentia,NA,no,Dangermond,bobcat,No,-120.4445108,34.45937928,GL
DGB10,D.06.28.23.B10,Lynx rufus,bobcat,Bobcat,Bobcat,Lynx,Felidae,Carnivora,rufus,Bobcat,Dangermond,bobcat,target,-120.4454491,34.45875192,GL
DGB10,D.06.28.23.B10,Lynx rufus,bobcat,Bobcat,Bobcat,Lynx,Felidae,Carnivora,rufus,Bobcat,Dangermond,bobcat,target,-120.4454491,34.45875192,GL
DGB10,D.06.28.23.B10,Lynx rufus,bobcat,Bobcat,Bobcat,Lynx,Felidae,Carnivora,rufus,Bobcat,Dangermond,bobcat,target,-120.4454491,34.45875192,GL
DGB2,D.06.28.23.B2,Lynx rufus,bobcat,Bobcat,Bobcat,Lynx,Felidae,Carnivora,rufus,Bobcat,Dangermond,bobcat,target,-120.4445801,34.45982696,GL
DGB2,D.06.28.23.B2,Lynx rufus,bobcat,Bobcat,Bobcat,Lynx,Felidae,Carnivora,rufus,Bobcat,Dangermond,bobcat,target,-120.4445801,34.45982696,GL
DGB2,D.06.28.23.B2,Lynx rufus,bobcat,Bobcat,Bobcat,Lynx,Felidae,Carnivora,rufus,Bobcat,Dangermond,bobcat,target,-120.4445801,34.45982696,GL
DGB3,D.06.28.23.B3,Lynx rufus,bobcat,Bobcat,Bobcat,Lynx,Felidae,Carnivora,rufus,Bobcat,Dangermond,bobcat,target,-120.4575423,34.44520696,GL
DGB3,D.06.28.23.B3,Lynx rufus,bobcat,Bobcat,Bobcat,Lynx,Felidae,Carnivora,rufus,Bobcat,Dangermond,bobcat,target,-120.4575423,34.44520696,GL
DGB3,D.06.28.23.B3,Microtus californicus,california vole,Small rodent,Small rodent,Microtus,Cricetidae,Rodentia,californicus,no,Dangermond,bobcat,No,-120.4575423,34.44520696,GL
DGB3,D.06.28.23.B3,Thomomys bottae,botta's pocket gopher,Small rodent,Small rodent,Thomomys,Geomyidae,Rodentia,bottae,no,Dangermond,bobcat,No,-120.4575423,34.44520696,GL
DGB3,D.06.28.23.B3,Thomomys bottae,botta's pocket gopher,Small rodent,Small rodent,Thomomys,Geomyidae,Rodentia,bottae,no,Dangermond,bobcat,No,-120.4575423,34.44520696,GL
DGB3,D.06.28.23.B3,Lynx rufus,bobcat,Bobcat,Bobcat,Lynx,Felidae,Carnivora,rufus,Bobcat,Dangermond,bobcat,target,-120.4575423,34.44520696,GL
DGB4,D.06.28.23.B4,Lynx rufus,bobcat,Bobcat,Bobcat,Lynx,Felidae,Carnivora,rufus,Bobcat,Dangermond,bobcat,target,-120.4575407,34.44519436,GL
DGB4,D.06.28.23.B4,Lynx rufus,bobcat,Bobcat,Bobcat,Lynx,Felidae,Carnivora,rufus,Bobcat,Dangermond,bobcat,target,-120.4575407,34.44519436,GL
DGB4,D.06.28.23.B4,Microtus californicus,california vole,Small rodent,Small rodent,Microtus,Cricetidae,Rodentia,californicus,no,Dangermond,bobcat,No,-120.4575407,34.44519436,GL
DGB4,D.06.28.23.B4,Lynx rufus,bobcat,Bobcat,Bobcat,Lynx,Felidae,Carnivora,rufus,Bobcat,Dangermond,bobcat,target,-120.4575407,34.44519436,GL
DGB5,D.06.28.23.B5,Canis latrans,coyote,Coyote,Coyote,Canis,Canidae,Carnivora,latrans,Coyote,Dangermond,bobcat,target,-120.4529745,34.44596428,GL
DGB5,D.06.28.23.B5,Canis latrans,coyote,Coyote,Coyote,Canis,Canidae,Carnivora,latrans,Coyote,Dangermond,bobcat,target,-120.4529745,34.44596428,GL
DGB5,D.06.28.23.B5,Canis latrans,coyote,Coyote,Coyote,Canis,Canidae,Carnivora,latrans,Coyote,Dangermond,bobcat,target,-120.4529745,34.44596428,GL
DGB5,D.06.28.23.B5,Mephitis mephitis,striped skunk,Striped skunk,other terrestrial mammal,Mephitis,Mephitidae,Carnivora,mephitis,no,Dangermond,bobcat,No,-120.4529745,34.44596428,GL
DGB5,D.06.28.23.B5,Peromyscus maniculatus,deer mouse,Small rodent,Small rodent,Peromyscus,Cricetidae,Rodentia,maniculatus,no,Dangermond,bobcat,No,-120.4529745,34.44596428,GL
DGB5,D.06.28.23.B5,Peromyscus maniculatus,deer mouse,Small rodent,Small rodent,Peromyscus,Cricetidae,Rodentia,maniculatus,no,Dangermond,bobcat,No,-120.4529745,34.44596428,GL
DGB5,D.06.28.23.B5,Peromyscus maniculatus,deer mouse,Small rodent,Small rodent,Peromyscus,Cricetidae,Rodentia,maniculatus,no,Dangermond,bobcat,No,-120.4529745,34.44596428,GL
DGB5,D.06.28.23.B5,Peromyscus maniculatus,deer mouse,Small rodent,Small rodent,Peromyscus,Cricetidae,Rodentia,maniculatus,no,Dangermond,bobcat,No,-120.4529745,34.44596428,GL
DGB5,D.06.28.23.B5,Canis latrans,coyote,Coyote,Coyote,Canis,Canidae,Carnivora,latrans,Coyote,Dangermond,bobcat,target,-120.4529745,34.44596428,GL
DGB5,D.06.28.23.B5,Thomomys bottae,botta's pocket gopher,Small rodent,Small rodent,Thomomys,Geomyidae,Rodentia,bottae,no,Dangermond,bobcat,No,-120.4529745,34.44596428,GL
DGB5,D.06.28.23.B5,Pituophis catenifer,gopher snake,Reptile,Reptile/amphibian,Pituophis,Colubridae,Squamata,catenifer,no,Dangermond,bobcat,No,-120.4529745,34.44596428,GL
DGB6,D.06.28.23.B6,Canis latrans,coyote,Coyote,Coyote,Canis,Canidae,Carnivora,latrans,Coyote,Dangermond,bobcat,target,-120.4527053,34.44799712,GL
DGB6,D.06.28.23.B6,Urile penicillatus,brandt's cormorant,Brandt's cormorant,Brandt's cormorant,Urile,Phalacrocoracidae,Suliformes,penicillatus,no,Dangermond,bobcat,No,-120.4527053,34.44799712,GL
DGB6,D.06.28.23.B6,Canis latrans,coyote,Coyote,Coyote,Canis,Canidae,Carnivora,latrans,Coyote,Dangermond,bobcat,target,-120.4527053,34.44799712,GL
DGB6,D.06.28.23.B6,Urile penicillatus,brandt's cormorant,Brandt's cormorant,Brandt's cormorant,Urile,Phalacrocoracidae,Suliformes,penicillatus,no,Dangermond,bobcat,No,-120.4527053,34.44799712,GL
DGB6,D.06.28.23.B6,Urile penicillatus,brandt's cormorant,Brandt's cormorant,Brandt's cormorant,Urile,Phalacrocoracidae,Suliformes,penicillatus,no,Dangermond,bobcat,No,-120.4527053,34.44799712,GL
DGB6,D.06.28.23.B6,Thomomys bottae,botta's pocket gopher,Small rodent,Small rodent,Thomomys,Geomyidae,Rodentia,bottae,no,Dangermond,bobcat,No,-120.4527053,34.44799712,GL
DGB6,D.06.28.23.B6,Canis latrans,coyote,Coyote,Coyote,Canis,Canidae,Carnivora,latrans,Coyote,Dangermond,bobcat,target,-120.4527053,34.44799712,GL
DGB6,D.06.28.23.B6,Thomomys bottae,botta's pocket gopher,Small rodent,Small rodent,Thomomys,Geomyidae,Rodentia,bottae,no,Dangermond,bobcat,No,-120.4527053,34.44799712,GL
DGB6,D.06.28.23.B6,Thomomys bottae,botta's pocket gopher,Small rodent,Small rodent,Thomomys,Geomyidae,Rodentia,bottae,no,Dangermond,bobcat,No,-120.4527053,34.44799712,GL
DGB6,D.06.28.23.B6,Thomomys bottae,botta's pocket gopher,Small rodent,Small rodent,Thomomys,Geomyidae,Rodentia,bottae,no,Dangermond,bobcat,No,-120.4527053,34.44799712,GL
DGB6,D.06.28.23.B6,Thomomys bottae,botta's pocket gopher,Small rodent,Small rodent,Thomomys,Geomyidae,Rodentia,bottae,no,Dangermond,bobcat,No,-120.4527053,34.44799712,GL
DGB7,D.06.28.23.B7,Lynx rufus,bobcat,Bobcat,Bobcat,Lynx,Felidae,Carnivora,rufus,Bobcat,Dangermond,bobcat,target,-120.4447624,34.46042902,GL
DGB7,D.06.28.23.B7,Lynx rufus,bobcat,Bobcat,Bobcat,Lynx,Felidae,Carnivora,rufus,Bobcat,Dangermond,bobcat,target,-120.4447624,34.46042902,GL
DGB7,D.06.28.23.B7,Thomomys bottae,botta's pocket gopher,Small rodent,Small rodent,Thomomys,Geomyidae,Rodentia,bottae,no,Dangermond,bobcat,No,-120.4447624,34.46042902,GL
DGB7,D.06.28.23.B7,Lynx rufus,bobcat,Bobcat,Bobcat,Lynx,Felidae,Carnivora,rufus,Bobcat,Dangermond,bobcat,target,-120.4447624,34.46042902,GL
DGB7,D.06.28.23.B7,Thomomys bottae,botta's pocket gopher,Small rodent,Small rodent,Thomomys,Geomyidae,Rodentia,bottae,no,Dangermond,bobcat,No,-120.4447624,34.46042902,GL
DGB7,D.06.28.23.B7,Dipodomys heermanni,heerman's kangaroo rat,Terrestrial insect,Terrestrial insect,Dipodomys,Heteromyidae,Rodentia,heermanni,no,Dangermond,bobcat,No,-120.4447624,34.46042902,GL
DGB7,D.06.28.23.B7,Thomomys bottae,botta's pocket gopher,Small rodent,Small rodent,Thomomys,Geomyidae,Rodentia,bottae,no,Dangermond,bobcat,No,-120.4447624,34.46042902,GL
DGB8,D.06.28.23.B8,Lynx rufus,bobcat,Bobcat,Bobcat,Lynx,Felidae,Carnivora,rufus,Bobcat,Dangermond,bobcat,target,-120.4447837,34.46048558,GL
DGB8,D.06.28.23.B8,Odocoileus hemionus,mule deer,Mule deer,Mule deer,Odocoileus,Cervidae,Artiodactyla,hemionus,Mule deer,Dangermond,bobcat,target,-120.4447837,34.46048558,GL
DGB8,D.06.28.23.B8,Odocoileus hemionus,mule deer,Mule deer,Mule deer,Odocoileus,Cervidae,Artiodactyla,hemionus,Mule deer,Dangermond,bobcat,target,-120.4447837,34.46048558,GL
DGB8,D.06.28.23.B8,Lynx rufus,bobcat,Bobcat,Bobcat,Lynx,Felidae,Carnivora,rufus,Bobcat,Dangermond,bobcat,target,-120.4447837,34.46048558,GL
DGB9,D.06.28.23.B9,Lynx rufus,bobcat,Bobcat,Bobcat,Lynx,Felidae,Carnivora,rufus,Bobcat,Dangermond,bobcat,target,-120.4458635,34.4622638,GL
DGB9,D.06.28.23.B9,Lynx rufus,bobcat,Bobcat,Bobcat,Lynx,Felidae,Carnivora,rufus,Bobcat,Dangermond,bobcat,target,-120.4458635,34.4622638,GL
DGB9,D.06.28.23.B9,Lynx rufus,bobcat,Bobcat,Bobcat,Lynx,Felidae,Carnivora,rufus,Bobcat,Dangermond,bobcat,target,-120.4458635,34.4622638,GL
DGC1,D.06.28.23.C1,Lynx rufus,bobcat,Bobcat,Bobcat,Lynx,Felidae,Carnivora,rufus,Bobcat,Dangermond,coyote,target,-120.4445953,34.45857941,GL
DGC1,D.06.28.23.C1,Lynx rufus,bobcat,Bobcat,Bobcat,Lynx,Felidae,Carnivora,rufus,Bobcat,Dangermond,coyote,target,-120.4445953,34.45857941,GL
DGC1,D.06.28.23.C1,Lynx rufus,bobcat,Bobcat,Bobcat,Lynx,Felidae,Carnivora,rufus,Bobcat,Dangermond,coyote,target,-120.4445953,34.45857941,GL
DGC10,D.06.28.23.C10,Lynx rufus,bobcat,Bobcat,Bobcat,Lynx,Felidae,Carnivora,rufus,Bobcat,Dangermond,coyote,target,-120.4462924,34.4630422,GL
DGC10,D.06.28.23.C10,Lynx rufus,bobcat,Bobcat,Bobcat,Lynx,Felidae,Carnivora,rufus,Bobcat,Dangermond,coyote,target,-120.4462924,34.4630422,GL
DGC10,D.06.28.23.C10,Microtus californicus,california vole,Small rodent,Small rodent,Microtus,Cricetidae,Rodentia,californicus,no,Dangermond,coyote,No,-120.4462924,34.4630422,GL
DGC10,D.06.28.23.C10,Lynx rufus,bobcat,Bobcat,Bobcat,Lynx,Felidae,Carnivora,rufus,Bobcat,Dangermond,coyote,target,-120.4462924,34.4630422,GL
DGC11,D.06.28.23.C11,Canis latrans,coyote,Coyote,Coyote,Canis,Canidae,Carnivora,latrans,Coyote,Dangermond,coyote,target,-120.4462533,34.46301979,GL
DGC11,D.06.28.23.C11,Canis latrans,coyote,Coyote,Coyote,Canis,Canidae,Carnivora,latrans,Coyote,Dangermond,coyote,target,-120.4462533,34.46301979,GL
DGC11,D.06.28.23.C11,Peromyscus maniculatus,deer mouse,Small rodent,Small rodent,Peromyscus,Cricetidae,Rodentia,maniculatus,no,Dangermond,coyote,No,-120.4462533,34.46301979,GL
DGC11,D.06.28.23.C11,Canis latrans,coyote,Coyote,Coyote,Canis,Canidae,Carnivora,latrans,Coyote,Dangermond,coyote,target,-120.4462533,34.46301979,GL
DGC11,D.06.28.23.C11,Canis latrans,coyote,Coyote,Coyote,Canis,Canidae,Carnivora,latrans,Coyote,Dangermond,coyote,target,-120.4462533,34.46301979,GL
DGC12,D.06.28.23.C12,Lynx rufus,bobcat,Bobcat,Bobcat,Lynx,Felidae,Carnivora,rufus,Bobcat,Dangermond,coyote,target,-120.4457637,34.46143659,GL
DGC12,D.06.28.23.C12,Lynx rufus,bobcat,Bobcat,Bobcat,Lynx,Felidae,Carnivora,rufus,Bobcat,Dangermond,coyote,target,-120.4457637,34.46143659,GL
DGC12,D.06.28.23.C12,Lynx rufus,bobcat,Bobcat,Bobcat,Lynx,Felidae,Carnivora,rufus,Bobcat,Dangermond,coyote,target,-120.4457637,34.46143659,GL
DGC2,D.06.28.23.C2,Canis latrans,coyote,Coyote,Coyote,Canis,Canidae,Carnivora,latrans,Coyote,Dangermond,coyote,target,-120.4446619,34.46002627,GL
DGC2,D.06.28.23.C2,Peromyscus maniculatus,deer mouse,Small rodent,Small rodent,Peromyscus,Cricetidae,Rodentia,maniculatus,no,Dangermond,coyote,No,-120.4446619,34.46002627,GL
DGC2,D.06.28.23.C2,Sylvilagus bachmani,brush rabbit,Brush rabbit,Brush rabbit,Sylvilagus,Leporidae,Lagomorpha,bachmani,no,Dangermond,coyote,No,-120.4446619,34.46002627,GL
DGC2,D.06.28.23.C2,Canis latrans,coyote,Coyote,Coyote,Canis,Canidae,Carnivora,latrans,Coyote,Dangermond,coyote,target,-120.4446619,34.46002627,GL
DGC2,D.06.28.23.C2,Reithrodontomys megalotis,western harvest mouse,Small rodent,Small rodent,Reithrodontomys,Cricetidae,Rodentia,megalotis,no,Dangermond,coyote,No,-120.4446619,34.46002627,GL
DGC2,D.06.28.23.C2,Sylvilagus bachmani,brush rabbit,Brush rabbit,Brush rabbit,Sylvilagus,Leporidae,Lagomorpha,bachmani,no,Dangermond,coyote,No,-120.4446619,34.46002627,GL
DGC2,D.06.28.23.C2,Canis latrans,coyote,Coyote,Coyote,Canis,Canidae,Carnivora,latrans,Coyote,Dangermond,coyote,target,-120.4446619,34.46002627,GL
DGC3,D.06.28.23.C3,Canis latrans,coyote,Coyote,Coyote,Canis,Canidae,Carnivora,latrans,Coyote,Dangermond,coyote,target,-120.4526182,34.4427455,GL
DGC3,D.06.28.23.C3,Urile penicillatus,brandt's cormorant,Brandt's cormorant,Brandt's cormorant,Urile,Phalacrocoracidae,Suliformes,penicillatus,no,Dangermond,coyote,No,-120.4526182,34.4427455,GL
DGC3,D.06.28.23.C3,Plestiodon skiltonianus,skilton's skink,Gilbert's skink,Reptile/amphibian,Plestiodon,Scincidae,Squamata,skiltonianus,no,Dangermond,coyote,No,-120.4526182,34.4427455,GL
DGC3,D.06.28.23.C3,Canis latrans,coyote,Coyote,Coyote,Canis,Canidae,Carnivora,latrans,Coyote,Dangermond,coyote,target,-120.4526182,34.4427455,GL
DGC3,D.06.28.23.C3,Plestiodon skiltonianus,skilton's skink,Reptile,Reptile/amphibian,Plestiodon,Scincidae,Squamata,skiltonianus,no,Dangermond,coyote,No,-120.4526182,34.4427455,GL
DGC3,D.06.28.23.C3,Thomomys bottae,botta's pocket gopher,Small rodent,Small rodent,Thomomys,Geomyidae,Rodentia,bottae,no,Dangermond,coyote,No,-120.4526182,34.4427455,GL
DGC3,D.06.28.23.C3,Thomomys bottae,botta's pocket gopher,Small rodent,Small rodent,Thomomys,Geomyidae,Rodentia,bottae,no,Dangermond,coyote,No,-120.4526182,34.4427455,GL
DGC3,D.06.28.23.C3,Elgaria multicarinata,california alligator lizard,Reptile,Reptile/amphibian,Elgaria,Anguidae,Squamata,multicarinata,no,Dangermond,coyote,No,-120.4526182,34.4427455,GL
DGC3,D.06.28.23.C3,Urile pelagicus,pelagic cormorant,Pelagic cormorant,Pelagic cormorant,Urile,Phalacrocoracidae,Suliformes,pelagicus,no,Dangermond,coyote,No,-120.4526182,34.4427455,GL
DGC4,D.06.28.23.C4,Canis latrans,coyote,Coyote,Coyote,Canis,Canidae,Carnivora,latrans,Coyote,Dangermond,coyote,target,-120.4523035,34.44302967,GL
DGC4,D.06.28.23.C4,Urile penicillatus,brandt's cormorant,Brandt's cormorant,Brandt's cormorant,Urile,Phalacrocoracidae,Suliformes,penicillatus,no,Dangermond,coyote,No,-120.4523035,34.44302967,GL
DGC4,D.06.28.23.C4,Meleagris gallopavo,wild turkey,Terrestrial bird,Terrestrial bird,Meleagris,Phasianidae,Galliformes,gallopavo,no,Dangermond,coyote,No,-120.4523035,34.44302967,GL
DGC5,D.06.28.23.C5,Canis latrans,coyote,Coyote,Coyote,Canis,Canidae,Carnivora,latrans,Coyote,Dangermond,coyote,target,-120.4522382,34.44316288,GL
DGC5,D.06.28.23.C5,Canis latrans,coyote,Coyote,Coyote,Canis,Canidae,Carnivora,latrans,Coyote,Dangermond,coyote,target,-120.4522382,34.44316288,GL
DGC5,D.06.28.23.C5,Peromyscus maniculatus,deer mouse,Small rodent,Small rodent,Peromyscus,Cricetidae,Rodentia,maniculatus,no,Dangermond,coyote,No,-120.4522382,34.44316288,GL
DGC5,D.06.28.23.C5,Canis latrans,coyote,Coyote,Coyote,Canis,Canidae,Carnivora,latrans,Coyote,Dangermond,coyote,target,-120.4522382,34.44316288,GL
DGC5,D.06.28.23.C5,Canis latrans,coyote,Coyote,Coyote,Canis,Canidae,Carnivora,latrans,Coyote,Dangermond,coyote,target,-120.4522382,34.44316288,GL
DGC6,D.06.28.23.C6,Canis latrans,coyote,Coyote,Coyote,Canis,Canidae,Carnivora,latrans,Coyote,Dangermond,coyote,target,-120.4527302,34.44797624,GL
DGC6,D.06.28.23.C6,Peromyscus maniculatus,deer mouse,Small rodent,Small rodent,Peromyscus,Cricetidae,Rodentia,maniculatus,no,Dangermond,coyote,No,-120.4527302,34.44797624,GL
DGC6,D.06.28.23.C6,Peromyscus maniculatus,deer mouse,Small rodent,Small rodent,Peromyscus,Cricetidae,Rodentia,maniculatus,no,Dangermond,coyote,No,-120.4527302,34.44797624,GL
DGC6,D.06.28.23.C6,Thomomys bottae,botta's pocket gopher,Small rodent,Small rodent,Thomomys,Geomyidae,Rodentia,bottae,no,Dangermond,coyote,No,-120.4527302,34.44797624,GL
DGC6,D.06.28.23.C6,Reithrodontomys megalotis,western harvest mouse,Small rodent,Small rodent,Reithrodontomys,Cricetidae,Rodentia,megalotis,no,Dangermond,coyote,No,-120.4527302,34.44797624,GL
DGC6,D.06.28.23.C6,Canis latrans,coyote,Coyote,Coyote,Canis,Canidae,Carnivora,latrans,Coyote,Dangermond,coyote,target,-120.4527302,34.44797624,GL
DGC7,D.06.28.23.C7,Bos taurus,domestic cattle,Cattle,Cattle,Bos,Bovidae,Artiodactyla,taurus,no,Dangermond,coyote,No,-120.4525972,34.44872636,GL
DGC7,D.06.28.23.C7,Canis latrans,coyote,Coyote,Coyote,Canis,Canidae,Carnivora,latrans,Coyote,Dangermond,coyote,target,-120.4525972,34.44872636,GL
DGC7,D.06.28.23.C7,Odocoileus hemionus,mule deer,Mule deer,Mule deer,Odocoileus,Cervidae,Artiodactyla,hemionus,Mule deer,Dangermond,coyote,target,-120.4525972,34.44872636,GL
DGC7,D.06.28.23.C7,Peromyscus maniculatus,deer mouse,Small rodent,Small rodent,Peromyscus,Cricetidae,Rodentia,maniculatus,no,Dangermond,coyote,No,-120.4525972,34.44872636,GL
DGC7,D.06.28.23.C7,Peromyscus maniculatus,deer mouse,Small rodent,Small rodent,Peromyscus,Cricetidae,Rodentia,maniculatus,no,Dangermond,coyote,No,-120.4525972,34.44872636,GL
DGC7,D.06.28.23.C7,Stenopelmatus sp,cricket,Terrestrial insect,Terrestrial insect,Stenopelmatus,Stenopelmatidae,Orthoptera,NA,no,Dangermond,coyote,No,-120.4525972,34.44872636,GL
DGC7,D.06.28.23.C7,Thomomys bottae,botta's pocket gopher,Small rodent,Small rodent,Thomomys,Geomyidae,Rodentia,bottae,no,Dangermond,coyote,No,-120.4525972,34.44872636,GL
DGC7,D.06.28.23.C7,Stenopelmatus sp,cricket,Terrestrial insect,Terrestrial insect,Stenopelmatus,Stenopelmatidae,Orthoptera,NA,no,Dangermond,coyote,No,-120.4525972,34.44872636,GL
DGC7,D.06.28.23.C7,Thomomys bottae,botta's pocket gopher,Small rodent,Small rodent,Thomomys,Geomyidae,Rodentia,bottae,no,Dangermond,coyote,No,-120.4525972,34.44872636,GL
DGC7,D.06.28.23.C7,Canis latrans,coyote,Coyote,Coyote,Canis,Canidae,Carnivora,latrans,Coyote,Dangermond,coyote,target,-120.4525972,34.44872636,GL
DGC7,D.06.28.23.C7,Bos taurus,domestic cattle,Cattle,Cattle,Bos,Bovidae,Artiodactyla,taurus,no,Dangermond,coyote,No,-120.4525972,34.44872636,GL
DGC7,D.06.28.23.C7,Peromyscus maniculatus,deer mouse,Small rodent,Small rodent,Peromyscus,Cricetidae,Rodentia,maniculatus,no,Dangermond,coyote,No,-120.4525972,34.44872636,GL
DGC8,D.06.28.23.C8,Taxidea taxus,american badger,American badger,Other terrestrial mammal,Taxidea,Mustelidae,Carnivora,taxus,no,Dangermond,coyote,No,-120.4528235,34.45013627,GL
DGC8,D.06.28.23.C8,Thomomys bottae,botta's pocket gopher,Small rodent,Small rodent,Thomomys,Geomyidae,Rodentia,bottae,no,Dangermond,coyote,No,-120.4528235,34.45013627,GL
DGC8,D.06.28.23.C8,Thomomys bottae,botta's pocket gopher,Small rodent,Small rodent,Thomomys,Geomyidae,Rodentia,bottae,no,Dangermond,coyote,No,-120.4528235,34.45013627,GL
DGC8,D.06.28.23.C8,Taxidea taxus,american badger,Other terrestrial mammal,Other terrestrial mammal,Taxidea,Mustelidae,Carnivora,taxus,no,Dangermond,coyote,No,-120.4528235,34.45013627,GL
DGC8,D.06.28.23.C8,Taxidea taxus,american badger,Other terrestrial mammal,Other terrestrial mammal,Taxidea,Mustelidae,Carnivora,taxus,no,Dangermond,coyote,No,-120.4528235,34.45013627,GL
DGF1,D.06.28.23.F1,Canis latrans,coyote,Coyote,Coyote,Canis,Canidae,Carnivora,latrans,Coyote,Dangermond,fox,target,NA,NA,GL
DGF1,D.06.28.23.F1,Microtus californicus,california vole,Small rodent,Small rodent,Microtus,Cricetidae,Rodentia,californicus,no,Dangermond,fox,No,NA,NA,GL
DGF1,D.06.28.23.F1,Peromyscus maniculatus,deer mouse,Small rodent,Small rodent,Peromyscus,Cricetidae,Rodentia,maniculatus,no,Dangermond,fox,No,NA,NA,GL
DGF1,D.06.28.23.F1,Peromyscus maniculatus,deer mouse,Small rodent,Small rodent,Peromyscus,Cricetidae,Rodentia,maniculatus,no,Dangermond,fox,No,NA,NA,GL
DGF1,D.06.28.23.F1,Peromyscus maniculatus,deer mouse,Small rodent,Small rodent,Peromyscus,Cricetidae,Rodentia,maniculatus,no,Dangermond,fox,No,NA,NA,GL
DGF1,D.06.28.23.F1,Peromyscus maniculatus,deer mouse,Small rodent,Small rodent,Peromyscus,Cricetidae,Rodentia,maniculatus,no,Dangermond,fox,No,NA,NA,GL
DGF1,D.06.28.23.F1,Reithrodontomys megalotis,western harvest mouse,Small rodent,Small rodent,Reithrodontomys,Cricetidae,Rodentia,megalotis,no,Dangermond,fox,No,NA,NA,GL
DGF1,D.06.28.23.F1,Canis latrans,coyote,Coyote,Coyote,Canis,Canidae,Carnivora,latrans,Coyote,Dangermond,fox,target,NA,NA,GL
DGF1,D.06.28.23.F1,Veromessor sp,harvestor ant,Terrestrial insect,Terrestrial insect,Veromessor,Formicidae,Hymenoptera,NA,no,Dangermond,fox,No,NA,NA,GL
DGF1,D.06.28.23.F1,Reithrodontomys megalotis,western harvest mouse,Small rodent,Small rodent,Reithrodontomys,Cricetidae,Rodentia,megalotis,no,Dangermond,fox,No,NA,NA,GL
DGP1,D.06.28.23.P1,Canis latrans,coyote,Coyote,Coyote,Canis,Canidae,Carnivora,latrans,Coyote,Dangermond,puma,target,-120.4526636,34.44831016,GL
DGP1,D.06.28.23.P1,Canis latrans,coyote,Coyote,Coyote,Canis,Canidae,Carnivora,latrans,Coyote,Dangermond,puma,target,-120.4526636,34.44831016,GL
DGP1,D.06.28.23.P1,Thomomys bottae,botta's pocket gopher,Small rodent,Small rodent,Thomomys,Geomyidae,Rodentia,bottae,no,Dangermond,puma,No,-120.4526636,34.44831016,GL
DGP1,D.06.28.23.P1,Canis latrans,coyote,Coyote,Coyote,Canis,Canidae,Carnivora,latrans,Coyote,Dangermond,puma,target,-120.4526636,34.44831016,GL
DGP1,D.06.28.23.P1,Thomomys bottae,botta's pocket gopher,Small rodent,Small rodent,Thomomys,Geomyidae,Rodentia,bottae,no,Dangermond,puma,No,-120.4526636,34.44831016,GL
DGP1,D.06.28.23.P1,Thomomys bottae,botta's pocket gopher,Small rodent,Small rodent,Thomomys,Geomyidae,Rodentia,bottae,no,Dangermond,puma,No,-120.4526636,34.44831016,GL
DGP1,D.06.28.23.P1,Thomomys bottae,botta's pocket gopher,Small rodent,Small rodent,Thomomys,Geomyidae,Rodentia,bottae,no,Dangermond,puma,No,-120.4526636,34.44831016,GL
DJB1,D.07.11.23.B1,Lynx rufus,bobcat,Bobcat,Bobcat,Lynx,Felidae,Carnivora,rufus,Bobcat,Dangermond,bobcat,target,-120.4447249,34.46109956,GL
DJB1,D.07.11.23.B1,Microtus californicus,california vole,Small rodent,Small rodent,Microtus,Cricetidae,Rodentia,californicus,no,Dangermond,bobcat,No,-120.4447249,34.46109956,GL
DJB1,D.07.11.23.B1,Microtus californicus,california vole,Small rodent,Small rodent,Microtus,Cricetidae,Rodentia,californicus,no,Dangermond,bobcat,No,-120.4447249,34.46109956,GL
DJB1,D.07.11.23.B1,Microtus californicus,california vole,Small rodent,Small rodent,Microtus,Cricetidae,Rodentia,californicus,no,Dangermond,bobcat,No,-120.4447249,34.46109956,GL
DJB1,D.07.11.23.B1,Microtus californicus,california vole,Small rodent,Small rodent,Microtus,Cricetidae,Rodentia,californicus,no,Dangermond,bobcat,No,-120.4447249,34.46109956,GL
DJB1,D.07.11.23.B1,Microtus californicus,california vole,Small rodent,Small rodent,Microtus,Cricetidae,Rodentia,californicus,no,Dangermond,bobcat,No,-120.4447249,34.46109956,GL
DJB1,D.07.11.23.B1,Neotoma sp,woodrat,Small rodent,Small rodent,Neotoma,Cricetidae,Rodentia,NA,no,Dangermond,bobcat,No,-120.4447249,34.46109956,GL
DJB1,D.07.11.23.B1,Microtus californicus,california vole,Small rodent,Small rodent,Microtus,Cricetidae,Rodentia,californicus,no,Dangermond,bobcat,No,-120.4447249,34.46109956,GL
DJB1,D.07.11.23.B1,Microtus californicus,california vole,Small rodent,Small rodent,Microtus,Cricetidae,Rodentia,californicus,no,Dangermond,bobcat,No,-120.4447249,34.46109956,GL
DJB1,D.07.11.23.B1,Microtus californicus,california vole,Small rodent,Small rodent,Microtus,Cricetidae,Rodentia,californicus,no,Dangermond,bobcat,No,-120.4447249,34.46109956,GL
DJB1,D.07.11.23.B1,Thomomys bottae,botta's pocket gopher,Small rodent,Small rodent,Thomomys,Geomyidae,Rodentia,bottae,no,Dangermond,bobcat,No,-120.4447249,34.46109956,GL
DJB1,D.07.11.23.B1,Neotoma sp,woodrat,Small rodent,Small rodent,Neotoma,Cricetidae,Rodentia,NA,no,Dangermond,bobcat,No,-120.4447249,34.46109956,GL
DJB1,D.07.11.23.B1,Lynx rufus,bobcat,Bobcat,Bobcat,Lynx,Felidae,Carnivora,rufus,Bobcat,Dangermond,bobcat,target,-120.4447249,34.46109956,GL
DJB1,D.07.11.23.B1,Microtus californicus,california vole,Small rodent,Small rodent,Microtus,Cricetidae,Rodentia,californicus,no,Dangermond,bobcat,No,-120.4447249,34.46109956,GL
DJB2,D.07.11.23.B2,Canis latrans,coyote,Coyote,Coyote,Canis,Canidae,Carnivora,latrans,Coyote,Dangermond,bobcat,target,-120.4480742,34.46564462,GL
DJB2,D.07.11.23.B2,Peromyscus maniculatus,deer mouse,Small rodent,Small rodent,Peromyscus,Cricetidae,Rodentia,maniculatus,no,Dangermond,bobcat,No,-120.4480742,34.46564462,GL
DJB2,D.07.11.23.B2,Dipodomys heermanni,heerman's kangaroo rat,Small rodent,Small rodent,Dipodomys,Heteromyidae,Rodentia,heermanni,no,Dangermond,bobcat,No,-120.4480742,34.46564462,GL
DJB2,D.07.11.23.B2,Canis latrans,coyote,Coyote,Coyote,Canis,Canidae,Carnivora,latrans,Coyote,Dangermond,bobcat,target,-120.4480742,34.46564462,GL
DJB2,D.07.11.23.B2,Sus scrofa,wild boar,Wild boar,Wild boar,Sus,Suidae,Artiodactyla,scrofa,Wild boar,Dangermond,bobcat,target,-120.4480742,34.46564462,GL
DJB2,D.07.11.23.B2,Reithrodontomys megalotis,western harvest mouse,Small rodent,Small rodent,Reithrodontomys,Cricetidae,Rodentia,megalotis,no,Dangermond,bobcat,No,-120.4480742,34.46564462,GL
DJB3,D.07.11.23.B3,Aphelocoma californica,western scrub jay,Terrestrial bird,Terrestrial bird,Aphelocoma,Corvidae,Passeriformes,californica,no,Dangermond,bobcat,No,-120.445442,34.45940341,GL
DJB3,D.07.11.23.B3,Lynx rufus,bobcat,Bobcat,Bobcat,Lynx,Felidae,Carnivora,rufus,Bobcat,Dangermond,bobcat,target,-120.445442,34.45940341,GL
DJB3,D.07.11.23.B3,Peromyscus maniculatus,deer mouse,Small rodent,Small rodent,Peromyscus,Cricetidae,Rodentia,maniculatus,no,Dangermond,bobcat,No,-120.445442,34.45940341,GL
DJB3,D.07.11.23.B3,Peromyscus maniculatus,deer mouse,Small rodent,Small rodent,Peromyscus,Cricetidae,Rodentia,maniculatus,no,Dangermond,bobcat,No,-120.445442,34.45940341,GL
DJB3,D.07.11.23.B3,Sylvilagus bachmani,brush rabbit,Brush rabbit,Brush rabbit,Sylvilagus,Leporidae,Lagomorpha,bachmani,no,Dangermond,bobcat,No,-120.445442,34.45940341,GL
DJB3,D.07.11.23.B3,Microtus californicus,california vole,Small rodent,Small rodent,Microtus,Cricetidae,Rodentia,californicus,no,Dangermond,bobcat,No,-120.445442,34.45940341,GL
DJB3,D.07.11.23.B3,Lynx rufus,bobcat,Bobcat,Bobcat,Lynx,Felidae,Carnivora,rufus,Bobcat,Dangermond,bobcat,target,-120.445442,34.45940341,GL
DJB3,D.07.11.23.B3,Sylvilagus bachmani,brush rabbit,Brush rabbit,Brush rabbit,Sylvilagus,Leporidae,Lagomorpha,bachmani,no,Dangermond,bobcat,No,-120.445442,34.45940341,GL
DJB3,D.07.11.23.B3,Dipodomys heermanni,heerman's kangaroo rat,Small rodent,Small rodent,Dipodomys,Heteromyidae,Rodentia,heermanni,no,Dangermond,bobcat,No,-120.445442,34.45940341,GL
DJB4,D.07.11.23.B4,Lynx rufus,bobcat,Bobcat,Bobcat,Lynx,Felidae,Carnivora,rufus,Bobcat,Dangermond,bobcat,target,-120.4456521,34.45783213,GL
DJB4,D.07.11.23.B4,Microtus californicus,california vole,Small rodent,Small rodent,Microtus,Cricetidae,Rodentia,californicus,no,Dangermond,bobcat,No,-120.4456521,34.45783213,GL
DJB4,D.07.11.23.B4,Lynx rufus,bobcat,Bobcat,Bobcat,Lynx,Felidae,Carnivora,rufus,Bobcat,Dangermond,bobcat,target,-120.4456521,34.45783213,GL
DJB4,D.07.11.23.B4,Microtus californicus,california vole,Small rodent,Small rodent,Microtus,Cricetidae,Rodentia,californicus,no,Dangermond,bobcat,No,-120.4456521,34.45783213,GL
DJB4,D.07.11.23.B4,Microtus californicus,california vole,Small rodent,Small rodent,Microtus,Cricetidae,Rodentia,californicus,no,Dangermond,bobcat,No,-120.4456521,34.45783213,GL
DJB4,D.07.11.23.B4,Dipodomys heermanni,heerman's kangaroo rat,Terrestrial insect,Terrestrial insect,Dipodomys,Heteromyidae,Rodentia,heermanni,no,Dangermond,bobcat,No,-120.4456521,34.45783213,GL
DJC1,D.07.11.23.C1,Canis latrans,coyote,Coyote,Coyote,Canis,Canidae,Carnivora,latrans,Coyote,Dangermond,coyote,target,NA,NA,GL
DJC1,D.07.11.23.C1,Peromyscus maniculatus,deer mouse,Small rodent,Small rodent,Peromyscus,Cricetidae,Rodentia,maniculatus,no,Dangermond,coyote,No,NA,NA,GL
DJC1,D.07.11.23.C1,Bos taurus,domestic cattle,Cattle,Cattle,Bos,Bovidae,Artiodactyla,taurus,no,Dangermond,coyote,No,NA,NA,GL
DJC1,D.07.11.23.C1,Bos taurus,domestic cattle,Cattle,Cattle,Bos,Bovidae,Artiodactyla,taurus,no,Dangermond,coyote,No,NA,NA,GL
DJC1,D.07.11.23.C1,Canis latrans,coyote,Coyote,Coyote,Canis,Canidae,Carnivora,latrans,Coyote,Dangermond,coyote,target,NA,NA,GL
DJC1,D.07.11.23.C1,Canis latrans,coyote,Coyote,Coyote,Canis,Canidae,Carnivora,latrans,Coyote,Dangermond,coyote,target,NA,NA,GL
DJC1,D.07.11.23.C1,Urile penicillatus,brandt's cormorant,Brandt's cormorant,Brandt's cormorant,Urile,Phalacrocoracidae,Suliformes,penicillatus,no,Dangermond,coyote,No,NA,NA,GL
DJC1,D.07.11.23.C1,Bos taurus,domestic cattle,Cattle,Cattle,Bos,Bovidae,Artiodactyla,taurus,no,Dangermond,coyote,No,NA,NA,GL
DJC1,D.07.11.23.C1,Canis latrans,coyote,Coyote,Coyote,Canis,Canidae,Carnivora,latrans,Coyote,Dangermond,coyote,target,NA,NA,GL
DJC1,D.07.11.23.C1,Meleagris gallopavo,wild turkey,Terrestrial bird,Terrestrial bird,Meleagris,Phasianidae,Galliformes,gallopavo,no,Dangermond,coyote,No,NA,NA,GL
DJC3,D.07.11.23.C3,Canis latrans,coyote,Coyote,Coyote,Canis,Canidae,Carnivora,latrans,Coyote,Dangermond,coyote,target,-120.4731053,34.46015423,GL
DJC3,D.07.11.23.C3,Peromyscus maniculatus,deer mouse,Small rodent,Small rodent,Peromyscus,Cricetidae,Rodentia,maniculatus,no,Dangermond,coyote,No,-120.4731053,34.46015423,GL
DJC3,D.07.11.23.C3,Peromyscus maniculatus,deer mouse,Small rodent,Small rodent,Peromyscus,Cricetidae,Rodentia,maniculatus,no,Dangermond,coyote,No,-120.4731053,34.46015423,GL
DJC3,D.07.11.23.C3,Canis latrans,coyote,Coyote,Coyote,Canis,Canidae,Carnivora,latrans,Coyote,Dangermond,coyote,target,-120.4731053,34.46015423,GL
DJC3,D.07.11.23.C3,Thomomys bottae,botta's pocket gopher,Small rodent,Small rodent,Thomomys,Geomyidae,Rodentia,bottae,no,Dangermond,coyote,No,-120.4731053,34.46015423,GL
DJC3,D.07.11.23.C3,Reithrodontomys megalotis,western harvest mouse,Small rodent,Small rodent,Reithrodontomys,Cricetidae,Rodentia,megalotis,no,Dangermond,coyote,No,-120.4731053,34.46015423,GL
DJC3,D.07.11.23.C3,Thomomys bottae,botta's pocket gopher,Small rodent,Small rodent,Thomomys,Geomyidae,Rodentia,bottae,no,Dangermond,coyote,No,-120.4731053,34.46015423,GL
DJC4,D.07.11.23.C4,Canis latrans,coyote,Coyote,Coyote,Canis,Canidae,Carnivora,latrans,Coyote,Dangermond,coyote,target,-120.4736117,34.46316473,GL
DJC4,D.07.11.23.C4,Canis latrans,coyote,Coyote,Coyote,Canis,Canidae,Carnivora,latrans,Coyote,Dangermond,coyote,target,-120.4736117,34.46316473,GL
DJC4,D.07.11.23.C4,Peromyscus maniculatus,deer mouse,Small rodent,Small rodent,Peromyscus,Cricetidae,Rodentia,maniculatus,no,Dangermond,coyote,No,-120.4736117,34.46316473,GL
DJC4,D.07.11.23.C4,Canis latrans,coyote,Coyote,Coyote,Canis,Canidae,Carnivora,latrans,Coyote,Dangermond,coyote,target,-120.4736117,34.46316473,GL
DJC4,D.07.11.23.C4,Canis latrans,coyote,Coyote,Coyote,Canis,Canidae,Carnivora,latrans,Coyote,Dangermond,coyote,target,-120.4736117,34.46316473,GL
DJC4,D.07.11.23.C4,Thomomys bottae,botta's pocket gopher,Small rodent,Small rodent,Thomomys,Geomyidae,Rodentia,bottae,no,Dangermond,coyote,No,-120.4736117,34.46316473,GL
DJC4,D.07.11.23.C4,Thomomys bottae,botta's pocket gopher,Small rodent,Small rodent,Thomomys,Geomyidae,Rodentia,bottae,no,Dangermond,coyote,No,-120.4736117,34.46316473,GL
DJC4,D.07.11.23.C4,Canis latrans,coyote,Coyote,Coyote,Canis,Canidae,Carnivora,latrans,Coyote,Dangermond,coyote,target,-120.4736117,34.46316473,GL
DJC5,D.07.11.23.C5,Canis latrans,coyote,Coyote,Coyote,Canis,Canidae,Carnivora,latrans,Coyote,Dangermond,coyote,target,-120.4735564,34.46557143,GL
DJC5,D.07.11.23.C5,Canis latrans,coyote,Coyote,Coyote,Canis,Canidae,Carnivora,latrans,Coyote,Dangermond,coyote,target,-120.4735564,34.46557143,GL
DJC5,D.07.11.23.C5,Microtus californicus,california vole,Small rodent,Small rodent,Microtus,Cricetidae,Rodentia,californicus,no,Dangermond,coyote,No,-120.4735564,34.46557143,GL
DJC5,D.07.11.23.C5,Phoca vitulina,harbor seal,Harbor seal,Harbor seal,Phoca,Otariidae,Carnivora,vitulina,no,Dangermond,coyote,No,-120.4735564,34.46557143,GL
DJC5,D.07.11.23.C5,Thomomys bottae,botta's pocket gopher,Small rodent,Small rodent,Thomomys,Geomyidae,Rodentia,bottae,no,Dangermond,coyote,No,-120.4735564,34.46557143,GL
DJC5,D.07.11.23.C5,Canis latrans,coyote,Coyote,Coyote,Canis,Canidae,Carnivora,latrans,Coyote,Dangermond,coyote,target,-120.4735564,34.46557143,GL
DJC5,D.07.11.23.C5,Thomomys bottae,botta's pocket gopher,Small rodent,Small rodent,Thomomys,Geomyidae,Rodentia,bottae,no,Dangermond,coyote,No,-120.4735564,34.46557143,GL
DJC6,D.07.11.23.C6,Canis latrans,coyote,Coyote,Coyote,Canis,Canidae,Carnivora,latrans,Coyote,Dangermond,coyote,target,-120.4736611,34.46628807,GL
DJC6,D.07.11.23.C6,Urile penicillatus,brandt's cormorant,Brandt's cormorant,Brandt's cormorant,Urile,Phalacrocoracidae,Suliformes,penicillatus,no,Dangermond,coyote,No,-120.4736611,34.46628807,GL
DJC6,D.07.11.23.C6,Canis latrans,coyote,Coyote,Coyote,Canis,Canidae,Carnivora,latrans,Coyote,Dangermond,coyote,target,-120.4736611,34.46628807,GL
DJC6,D.07.11.23.C6,Urile penicillatus,brandt's cormorant,Brandt's cormorant,Brandt's cormorant,Urile,Phalacrocoracidae,Suliformes,penicillatus,no,Dangermond,coyote,No,-120.4736611,34.46628807,GL
DJC6,D.07.11.23.C6,Urile penicillatus,brandt's cormorant,Brandt's cormorant,Brandt's cormorant,Urile,Phalacrocoracidae,Suliformes,penicillatus,no,Dangermond,coyote,No,-120.4736611,34.46628807,GL
DJC6,D.07.11.23.C6,Canis latrans,coyote,Coyote,Coyote,Canis,Canidae,Carnivora,latrans,Coyote,Dangermond,coyote,target,-120.4736611,34.46628807,GL
DJC6,D.07.11.23.C6,Urile pelagicus,pelagic cormorant,Pelagic cormorant,Pelagic cormorant,Urile,Phalacrocoracidae,Suliformes,pelagicus,no,Dangermond,coyote,No,-120.4736611,34.46628807,GL
DJC6,D.07.11.23.C6,Thomomys bottae,botta's pocket gopher,Small rodent,Small rodent,Thomomys,Geomyidae,Rodentia,bottae,no,Dangermond,coyote,No,-120.4736611,34.46628807,GL
DJC6,D.07.11.23.C6,Canis latrans,coyote,Coyote,Coyote,Canis,Canidae,Carnivora,latrans,Coyote,Dangermond,coyote,target,-120.4736611,34.46628807,GL
DJC6,D.07.11.23.C6,Thomomys bottae,botta's pocket gopher,Small rodent,Small rodent,Thomomys,Geomyidae,Rodentia,bottae,no,Dangermond,coyote,No,-120.4736611,34.46628807,GL
DJC6,D.07.11.23.C6,Thomomys bottae,botta's pocket gopher,Small rodent,Small rodent,Thomomys,Geomyidae,Rodentia,bottae,no,Dangermond,coyote,No,-120.4736611,34.46628807,GL
DJC6,D.07.11.23.C6,Urile pelagicus,pelagic cormorant,Pelagic cormorant,Pelagic cormorant,Urile,Phalacrocoracidae,Suliformes,pelagicus,no,Dangermond,coyote,No,-120.4736611,34.46628807,GL
DJC7,D.07.11.23.C7,Canis latrans,coyote,Coyote,Coyote,Canis,Canidae,Carnivora,latrans,Coyote,Dangermond,coyote,target,-120.4732802,34.4609022,GL
DJC7,D.07.11.23.C7,Microtus californicus,california vole,Small rodent,Small rodent,Microtus,Cricetidae,Rodentia,californicus,no,Dangermond,coyote,No,-120.4732802,34.4609022,GL
DJC7,D.07.11.23.C7,Peromyscus maniculatus,deer mouse,Small rodent,Small rodent,Peromyscus,Cricetidae,Rodentia,maniculatus,no,Dangermond,coyote,No,-120.4732802,34.4609022,GL
DJC7,D.07.11.23.C7,Microtus californicus,california vole,Small rodent,Small rodent,Microtus,Cricetidae,Rodentia,californicus,no,Dangermond,coyote,No,-120.4732802,34.4609022,GL
DJC7,D.07.11.23.C7,Canis latrans,coyote,Coyote,Coyote,Canis,Canidae,Carnivora,latrans,Coyote,Dangermond,coyote,target,-120.4732802,34.4609022,GL
DJC7,D.07.11.23.C7,Dipodomys heermanni,heerman's kangaroo rat,Small rodent,Small rodent,Dipodomys,Heteromyidae,Rodentia,heermanni,no,Dangermond,coyote,No,-120.4732802,34.4609022,GL
DJC7,D.07.11.23.C7,Microtus californicus,california vole,Small rodent,Small rodent,Microtus,Cricetidae,Rodentia,californicus,no,Dangermond,coyote,No,-120.4732802,34.4609022,GL
DJC9,D.07.11.23.C9,Puma concolor,puma,Puma,Puma,Puma,Felidae,Carnivora,concolor,Puma,Dangermond,coyote,target,-120.4447377,34.46260912,GL
DJC9,D.07.11.23.C9,Puma concolor,puma,Puma,Puma,Puma,Felidae,Carnivora,concolor,Puma,Dangermond,coyote,target,-120.4447377,34.46260912,GL
DJC9,D.07.11.23.C9,Ravinia,ravinia,Terrestrial insect,Terrestrial insect,Ravinia,Sarcophagidae,Diptera,NA,no,Dangermond,coyote,No,-120.4447377,34.46260912,GL
DJC9,D.07.11.23.C9,Ravinia,ravinia,Terrestrial insect,Terrestrial insect,Ravinia,Sarcophagidae,Diptera,NA,no,Dangermond,coyote,No,-120.4447377,34.46260912,GL
DJC9,D.07.11.23.C9,Ravinia,ravinia,Terrestrial insect,Terrestrial insect,Ravinia,Sarcophagidae,Diptera,NA,no,Dangermond,coyote,No,-120.4447377,34.46260912,GL
DJD1,D.07.11.23.D1,Odocoileus hemionus,mule deer,Mule deer,Mule deer,Odocoileus,Cervidae,Artiodactyla,hemionus,Mule deer,Dangermond,deer,target,-120.4531403,34.45569391,GL
DJD2,D.07.11.23.D2,Odocoileus hemionus,mule deer,Mule deer,Mule deer,Odocoileus,Cervidae,Artiodactyla,hemionus,Mule deer,Dangermond,deer,target,-120.4528336,34.45530633,GL
DJF1,D.07.11.23.F1,Meleagris gallopavo,wild turkey,Terrestrial bird,Terrestrial bird,Meleagris,Phasianidae,Galliformes,gallopavo,no,Dangermond,fox,No,-120.4455524,34.45974032,GL
DJF1,D.07.11.23.F1,Meleagris gallopavo,wild turkey,Terrestrial bird,Terrestrial bird,Meleagris,Phasianidae,Galliformes,gallopavo,no,Dangermond,fox,No,-120.4455524,34.45974032,GL
DJF1,D.07.11.23.F1,Meleagris gallopavo,wild turkey,Terrestrial bird,Terrestrial bird,Meleagris,Phasianidae,Galliformes,gallopavo,no,Dangermond,fox,No,-120.4455524,34.45974032,GL
DLB2,D.07.13.23.B2,Canis latrans,coyote,Coyote,Coyote,Canis,Canidae,Carnivora,latrans,Coyote,Dangermond,bobcat,target,-120.4400129,34.45193483,GL
DLB2,D.07.13.23.B2,Peromyscus maniculatus,deer mouse,Small rodent,Small rodent,Peromyscus,Cricetidae,Rodentia,maniculatus,no,Dangermond,bobcat,No,-120.4400129,34.45193483,GL
DLB2,D.07.13.23.B2,Peromyscus maniculatus,deer mouse,Small rodent,Small rodent,Peromyscus,Cricetidae,Rodentia,maniculatus,no,Dangermond,bobcat,No,-120.4400129,34.45193483,GL
DLB2,D.07.13.23.B2,Peromyscus maniculatus,deer mouse,Small rodent,Small rodent,Peromyscus,Cricetidae,Rodentia,maniculatus,no,Dangermond,bobcat,No,-120.4400129,34.45193483,GL
DLB2,D.07.13.23.B2,Reithrodontomys megalotis,western harvest mouse,Small rodent,Small rodent,Reithrodontomys,Cricetidae,Rodentia,megalotis,no,Dangermond,bobcat,No,-120.4400129,34.45193483,GL
DLB2,D.07.13.23.B2,Reithrodontomys megalotis,western harvest mouse,Small rodent,Small rodent,Reithrodontomys,Cricetidae,Rodentia,megalotis,no,Dangermond,bobcat,No,-120.4400129,34.45193483,GL
DLB2,D.07.13.23.B2,Reithrodontomys megalotis,western harvest mouse,Small rodent,Small rodent,Reithrodontomys,Cricetidae,Rodentia,megalotis,no,Dangermond,bobcat,No,-120.4400129,34.45193483,GL
DLB2,D.07.13.23.B2,Reithrodontomys megalotis,western harvest mouse,Small rodent,Small rodent,Reithrodontomys,Cricetidae,Rodentia,megalotis,no,Dangermond,bobcat,No,-120.4400129,34.45193483,GL
DLB2,D.07.13.23.B2,Reithrodontomys megalotis,western harvest mouse,Small rodent,Small rodent,Reithrodontomys,Cricetidae,Rodentia,megalotis,no,Dangermond,bobcat,No,-120.4400129,34.45193483,GL
DLB2,D.07.13.23.B2,Reithrodontomys megalotis,western harvest mouse,Small rodent,Small rodent,Reithrodontomys,Cricetidae,Rodentia,megalotis,no,Dangermond,bobcat,No,-120.4400129,34.45193483,GL
DLB2,D.07.13.23.B2,Canis latrans,coyote,Coyote,Coyote,Canis,Canidae,Carnivora,latrans,Coyote,Dangermond,bobcat,target,-120.4400129,34.45193483,GL
DLB2,D.07.13.23.B2,Canis latrans,coyote,Coyote,Coyote,Canis,Canidae,Carnivora,latrans,Coyote,Dangermond,bobcat,target,-120.4400129,34.45193483,GL
DLD1,D.07.13.23.D1,Odocoileus hemionus,mule deer,Mule deer,Mule deer,Odocoileus,Cervidae,Artiodactyla,hemionus,Mule deer,Dangermond,deer,target,-120.4522215,34.4495927,GL
DLD2,D.07.13.23.D2,Odocoileus hemionus,mule deer,Mule deer,Mule deer,Odocoileus,Cervidae,Artiodactyla,hemionus,Mule deer,Dangermond,deer,target,-120.452204,34.44966868,GL
DLD3,D.07.13.23.D3,Odocoileus hemionus,mule deer,Mule deer,Mule deer,Odocoileus,Cervidae,Artiodactyla,hemionus,Mule deer,Dangermond,deer,target,-120.4522702,34.45033774,GL
DLD4,D.07.13.23.D4,Odocoileus hemionus,mule deer,Mule deer,Mule deer,Odocoileus,Cervidae,Artiodactyla,hemionus,Mule deer,Dangermond,deer,target,-120.4392622,34.45198803,GL
DLF2,D.07.13.23.F2,Mephitis mephitis,striped skunk,Striped skunk,other terrestrial mammal,Mephitis,Mephitidae,Carnivora,mephitis,no,Dangermond,fox,No,-120.4370674,34.45434234,GL
DLF2,D.07.13.23.F2,Mephitis mephitis,striped skunk,Striped skunk,other terrestrial mammal,Mephitis,Mephitidae,Carnivora,mephitis,no,Dangermond,fox,No,-120.4370674,34.45434234,GL
DLF2,D.07.13.23.F2,Mephitis mephitis,striped skunk,Striped skunk,Striped skunk,Mephitis,Mephitidae,Carnivora,mephitis,no,Dangermond,fox,No,-120.4370674,34.45434234,GL
DLF2,D.07.13.23.F2,Mephitis mephitis,striped skunk,Striped skunk,Striped skunk,Mephitis,Mephitidae,Carnivora,mephitis,no,Dangermond,fox,No,-120.4370674,34.45434234,GL
DLF2,D.07.13.23.F2,Mephitis mephitis,striped skunk,Striped skunk,Striped skunk,Mephitis,Mephitidae,Carnivora,mephitis,no,Dangermond,fox,No,-120.4370674,34.45434234,GL
DLU1,D.07.13.23.U1,Sus scrofa,wild boar,Wild boar,Wild boar,Sus,Suidae,Artiodactyla,scrofa,Wild boar,Dangermond,bear,target,-120.4390954,34.45217933,GL
DLU1,D.07.13.23.U1,Sus scrofa,wild boar,Wild boar,Wild boar,Sus,Suidae,Artiodactyla,scrofa,Wild boar,Dangermond,bear,target,-120.4390954,34.45217933,GL
DLU1,D.07.13.23.U1,Onthophagus sp,dung beetle,Terrestrial insect,Terrestrial insect,Onthophagus,Scarabaeidae,Coleoptera,NA,no,Dangermond,bear,No,-120.4390954,34.45217933,GL
DLU1,D.07.13.23.U1,Sus scrofa,wild boar,Wild boar,Wild boar,Sus,Suidae,Artiodactyla,scrofa,Wild boar,Dangermond,bear,target,-120.4390954,34.45217933,GL
DLU2,D.07.13.23.U2,Sus scrofa,wild boar,Wild boar,Wild boar,Sus,Suidae,Artiodactyla,scrofa,Wild boar,Dangermond,bear,target,-120.4391271,34.45215618,GL
DLU2,D.07.13.23.U2,Sus scrofa,wild boar,Wild boar,Wild boar,Sus,Suidae,Artiodactyla,scrofa,Wild boar,Dangermond,bear,target,-120.4391271,34.45215618,GL
DLU3,D.07.13.23.U3,Sus scrofa,wild boar,Wild boar,Wild boar,Sus,Suidae,Artiodactyla,scrofa,Wild boar,Dangermond,bear,target,-120.4403203,34.45202664,GL
DLU3,D.07.13.23.U3,Sus scrofa,wild boar,Wild boar,Wild boar,Sus,Suidae,Artiodactyla,scrofa,Wild boar,Dangermond,bear,target,-120.4403203,34.45202664,GL
DOB1,D.07.18.23.B1,Canis latrans,coyote,Coyote,Coyote,Canis,Canidae,Carnivora,latrans,Coyote,Dangermond,bobcat,target,-120.4445582,34.45876149,GL
DOB1,D.07.18.23.B1,Lynx rufus,bobcat,Bobcat,Bobcat,Lynx,Felidae,Carnivora,rufus,Bobcat,Dangermond,bobcat,target,-120.4445582,34.45876149,GL
DOB1,D.07.18.23.B1,Microtus californicus,california vole,Small rodent,Small rodent,Microtus,Cricetidae,Rodentia,californicus,no,Dangermond,bobcat,No,-120.4445582,34.45876149,GL
DOB1,D.07.18.23.B1,Thomomys bottae,botta's pocket gopher,Small rodent,Small rodent,Thomomys,Geomyidae,Rodentia,bottae,no,Dangermond,bobcat,No,-120.4445582,34.45876149,GL
DOB1,D.07.18.23.B1,Microtus californicus,california vole,Small rodent,Small rodent,Microtus,Cricetidae,Rodentia,californicus,no,Dangermond,bobcat,No,-120.4445582,34.45876149,GL
DOB1,D.07.18.23.B1,Thomomys bottae,botta's pocket gopher,Small rodent,Small rodent,Thomomys,Geomyidae,Rodentia,bottae,no,Dangermond,bobcat,No,-120.4445582,34.45876149,GL
DOB1,D.07.18.23.B1,Lynx rufus,bobcat,Bobcat,Bobcat,Lynx,Felidae,Carnivora,rufus,Bobcat,Dangermond,bobcat,target,-120.4445582,34.45876149,GL
DOB1,D.07.18.23.B1,Thomomys bottae,botta's pocket gopher,Small rodent,Small rodent,Thomomys,Geomyidae,Rodentia,bottae,no,Dangermond,bobcat,No,-120.4445582,34.45876149,GL
DOB1,D.07.18.23.B1,Thomomys bottae,botta's pocket gopher,Small rodent,Small rodent,Thomomys,Geomyidae,Rodentia,bottae,no,Dangermond,bobcat,No,-120.4445582,34.45876149,GL
DOC1,D.07.18.23.C1,Canis latrans,coyote,Coyote,Coyote,Canis,Canidae,Carnivora,latrans,Coyote,Dangermond,coyote,target,-120.473856,34.46779341,GL
DOC1,D.07.18.23.C1,Neotoma sp,woodrat,Small rodent,Small rodent,Neotoma,Cricetidae,Rodentia,NA,no,Dangermond,coyote,No,-120.473856,34.46779341,GL
DOC1,D.07.18.23.C1,Peromyscus maniculatus,deer mouse,Small rodent,Small rodent,Peromyscus,Cricetidae,Rodentia,maniculatus,no,Dangermond,coyote,No,-120.473856,34.46779341,GL
DOC1,D.07.18.23.C1,Peromyscus maniculatus,deer mouse,Small rodent,Small rodent,Peromyscus,Cricetidae,Rodentia,maniculatus,no,Dangermond,coyote,No,-120.473856,34.46779341,GL
DOC1,D.07.18.23.C1,Peromyscus maniculatus,deer mouse,Small rodent,Small rodent,Peromyscus,Cricetidae,Rodentia,maniculatus,no,Dangermond,coyote,No,-120.473856,34.46779341,GL
DOC1,D.07.18.23.C1,Reithrodontomys megalotis,western harvest mouse,Small rodent,Small rodent,Reithrodontomys,Cricetidae,Rodentia,megalotis,no,Dangermond,coyote,No,-120.473856,34.46779341,GL
DOC1,D.07.18.23.C1,Canis latrans,coyote,Coyote,Coyote,Canis,Canidae,Carnivora,latrans,Coyote,Dangermond,coyote,target,-120.473856,34.46779341,GL
DOC1,D.07.18.23.C1,Reithrodontomys megalotis,western harvest mouse,Small rodent,Small rodent,Reithrodontomys,Cricetidae,Rodentia,megalotis,no,Dangermond,coyote,No,-120.473856,34.46779341,GL
DOC1,D.07.18.23.C1,Neotoma sp,woodrat,Small rodent,Small rodent,Neotoma,Cricetidae,Rodentia,NA,no,Dangermond,coyote,No,-120.473856,34.46779341,GL
DOC1,D.07.18.23.C1,Reithrodontomys megalotis,western harvest mouse,Small rodent,Small rodent,Reithrodontomys,Cricetidae,Rodentia,megalotis,no,Dangermond,coyote,No,-120.473856,34.46779341,GL
DOC2,D.07.18.23.C2,Canis latrans,coyote,Coyote,Coyote,Canis,Canidae,Carnivora,latrans,Coyote,Dangermond,coyote,target,-120.4735408,34.46783027,GL
DOC2,D.07.18.23.C2,Canis latrans,coyote,Coyote,Coyote,Canis,Canidae,Carnivora,latrans,Coyote,Dangermond,coyote,target,-120.4735408,34.46783027,GL
DOC2,D.07.18.23.C2,Peromyscus maniculatus,deer mouse,Small rodent,Small rodent,Peromyscus,Cricetidae,Rodentia,maniculatus,no,Dangermond,coyote,No,-120.4735408,34.46783027,GL
DOC2,D.07.18.23.C2,Peromyscus maniculatus,deer mouse,Small rodent,Small rodent,Peromyscus,Cricetidae,Rodentia,maniculatus,no,Dangermond,coyote,No,-120.4735408,34.46783027,GL
DQB1,D.07.20.23.B1,Lynx rufus,bobcat,Bobcat,Bobcat,Lynx,Felidae,Carnivora,rufus,Bobcat,Dangermond,bobcat,target,-120.4408823,34.45235743,GL
DQB1,D.07.20.23.B1,Peromyscus maniculatus,deer mouse,Small rodent,Small rodent,Peromyscus,Cricetidae,Rodentia,maniculatus,no,Dangermond,bobcat,No,-120.4408823,34.45235743,GL
DQB1,D.07.20.23.B1,Lynx rufus,bobcat,Bobcat,Bobcat,Lynx,Felidae,Carnivora,rufus,Bobcat,Dangermond,bobcat,target,-120.4408823,34.45235743,GL
DQC1,D.07.20.23.C1,Canis latrans,coyote,Coyote,Coyote,Canis,Canidae,Carnivora,latrans,Coyote,Dangermond,coyote,target,-120.4185015,34.453255,GL
DQC1,D.07.20.23.C1,Reithrodontomys megalotis,western harvest mouse,Small rodent,Small rodent,Reithrodontomys,Cricetidae,Rodentia,megalotis,no,Dangermond,coyote,No,-120.4185015,34.453255,GL
DQC1,D.07.20.23.C1,Reithrodontomys megalotis,western harvest mouse,Small rodent,Small rodent,Reithrodontomys,Cricetidae,Rodentia,megalotis,no,Dangermond,coyote,No,-120.4185015,34.453255,GL
DQC1,D.07.20.23.C1,Reithrodontomys megalotis,western harvest mouse,Small rodent,Small rodent,Reithrodontomys,Cricetidae,Rodentia,megalotis,no,Dangermond,coyote,No,-120.4185015,34.453255,GL
DQC1,D.07.20.23.C1,Reithrodontomys megalotis,western harvest mouse,Small rodent,Small rodent,Reithrodontomys,Cricetidae,Rodentia,megalotis,no,Dangermond,coyote,No,-120.4185015,34.453255,GL
DQC2,D.07.20.23.C2,Sus scrofa,wild boar,Wild boar,Wild boar,Sus,Suidae,Artiodactyla,scrofa,Wild boar,Dangermond,coyote,target,-120.4413835,34.45219091,GL
DQC2,D.07.20.23.C2,Sus scrofa,wild boar,Wild boar,Wild boar,Sus,Suidae,Artiodactyla,scrofa,Wild boar,Dangermond,coyote,target,-120.4413835,34.45219091,GL
DQU1,D.07.20.23.U1,Sus scrofa,wild boar,Wild boar,Wild boar,Sus,Suidae,Artiodactyla,scrofa,Wild boar,Dangermond,bear,target,-120.4412235,34.4522208,GL
DQU1,D.07.20.23.U1,Sus scrofa,wild boar,Wild boar,Wild boar,Sus,Suidae,Artiodactyla,scrofa,Wild boar,Dangermond,bear,target,-120.4412235,34.4522208,GL
DSB1,D.07.24.23.B1,Canis latrans,coyote,Coyote,Coyote,Canis,Canidae,Carnivora,latrans,Coyote,Dangermond,bobcat,target,-120.4596581,34.51996235,GL
DSB1,D.07.24.23.B1,Canis latrans,coyote,Coyote,Coyote,Canis,Canidae,Carnivora,latrans,Coyote,Dangermond,bobcat,target,-120.4596581,34.51996235,GL
DSB1,D.07.24.23.B1,Peromyscus maniculatus,deer mouse,Small rodent,Small rodent,Peromyscus,Cricetidae,Rodentia,maniculatus,no,Dangermond,bobcat,No,-120.4596581,34.51996235,GL
DSB1,D.07.24.23.B1,Thomomys bottae,botta's pocket gopher,Small rodent,Small rodent,Thomomys,Geomyidae,Rodentia,bottae,no,Dangermond,bobcat,No,-120.4596581,34.51996235,GL
DSB1,D.07.24.23.B1,Canis latrans,coyote,Coyote,Coyote,Canis,Canidae,Carnivora,latrans,Coyote,Dangermond,bobcat,target,-120.4596581,34.51996235,GL
DSB1,D.07.24.23.B1,Canis latrans,coyote,Coyote,Coyote,Canis,Canidae,Carnivora,latrans,Coyote,Dangermond,bobcat,target,-120.4596581,34.51996235,GL
DSB1,D.07.24.23.B1,Canis latrans,coyote,Coyote,Coyote,Canis,Canidae,Carnivora,latrans,Coyote,Dangermond,bobcat,target,-120.4596581,34.51996235,GL
DSB2,D.07.24.23.B2,Canis latrans,coyote,Coyote,Coyote,Canis,Canidae,Carnivora,latrans,Coyote,Dangermond,bobcat,target,-120.460141,34.51697626,GL
DSB2,D.07.24.23.B2,Lynx rufus,bobcat,Bobcat,Bobcat,Lynx,Felidae,Carnivora,rufus,Bobcat,Dangermond,bobcat,target,-120.460141,34.51697626,GL
DSB2,D.07.24.23.B2,Sus scrofa,wild boar,Wild boar,Wild boar,Sus,Suidae,Artiodactyla,scrofa,Wild boar,Dangermond,bobcat,target,-120.460141,34.51697626,GL
DSB2,D.07.24.23.B2,Lynx rufus,bobcat,Bobcat,Bobcat,Lynx,Felidae,Carnivora,rufus,Bobcat,Dangermond,bobcat,target,-120.460141,34.51697626,GL
DSC1,D.07.24.23.C1,Arctocephalus townsendi,guadelupe fur seal,Guadelupe fur seal,Guadelupe fur seal,Arctocephalus,Otariidae,Carnivora,townsendi,no,Dangermond,coyote,No,-120.4639769,34.51984651,GL
DSC1,D.07.24.23.C1,Spermophillus beecheyi,california ground squirrel,Small rodent,Small rodent,Spermophillus,Sciuridae,Rodentia,beecheyi,no,Dangermond,coyote,No,-120.4639769,34.51984651,GL
DSC1,D.07.24.23.C1,Canis latrans,coyote,Coyote,Coyote,Canis,Canidae,Carnivora,latrans,Coyote,Dangermond,coyote,target,-120.4639769,34.51984651,GL
DSC1,D.07.24.23.C1,Peromyscus maniculatus,deer mouse,Small rodent,Small rodent,Peromyscus,Cricetidae,Rodentia,maniculatus,no,Dangermond,coyote,No,-120.4639769,34.51984651,GL
DSC1,D.07.24.23.C1,Canis latrans,coyote,Coyote,Coyote,Canis,Canidae,Carnivora,latrans,Coyote,Dangermond,coyote,target,-120.4639769,34.51984651,GL
DSC1,D.07.24.23.C1,Vulpes vulpes,red fox,Red fox,Red fox,Vulpes,Canidae,Carnivora,vulpes,no,Dangermond,coyote,No,-120.4639769,34.51984651,GL
DSC1,D.07.24.23.C1,Vulpes vulpes,red fox,Red fox,Red fox,Vulpes,Canidae,Carnivora,vulpes,no,Dangermond,coyote,No,-120.4639769,34.51984651,GL
DSC1,D.07.24.23.C1,Canis latrans,coyote,Coyote,Coyote,Canis,Canidae,Carnivora,latrans,Coyote,Dangermond,coyote,target,-120.4639769,34.51984651,GL
DSC1,D.07.24.23.C1,Canis latrans,coyote,Coyote,Coyote,Canis,Canidae,Carnivora,latrans,Coyote,Dangermond,coyote,target,-120.4639769,34.51984651,GL
DSC1,D.07.24.23.C1,Canis latrans,coyote,Coyote,Coyote,Canis,Canidae,Carnivora,latrans,Coyote,Dangermond,coyote,target,-120.4639769,34.51984651,GL
DSC2,D.07.24.23.C2,Spermophillus beecheyi,california ground squirrel,Small rodent,Small rodent,Spermophillus,Sciuridae,Rodentia,beecheyi,no,Dangermond,coyote,No,-120.464117,34.51898604,GL
DSC2,D.07.24.23.C2,Canis latrans,coyote,Coyote,Coyote,Canis,Canidae,Carnivora,latrans,Coyote,Dangermond,coyote,target,-120.464117,34.51898604,GL
DSC2,D.07.24.23.C2,Peromyscus maniculatus,deer mouse,Small rodent,Small rodent,Peromyscus,Cricetidae,Rodentia,maniculatus,no,Dangermond,coyote,No,-120.464117,34.51898604,GL
DSC2,D.07.24.23.C2,Spermophillus beecheyi,california ground squirrel,Small rodent,Small rodent,Spermophillus,Sciuridae,Rodentia,beecheyi,no,Dangermond,coyote,No,-120.464117,34.51898604,GL
DSC2,D.07.24.23.C2,Canis latrans,coyote,Coyote,Coyote,Canis,Canidae,Carnivora,latrans,Coyote,Dangermond,coyote,target,-120.464117,34.51898604,GL
DSC2,D.07.24.23.C2,Canis latrans,coyote,Coyote,Coyote,Canis,Canidae,Carnivora,latrans,Coyote,Dangermond,coyote,target,-120.464117,34.51898604,GL
DSH1,D.07.24.23.H1,Bos taurus,domestic cattle,Cattle,Cattle,Bos,Bovidae,Artiodactyla,taurus,no,Dangermond,wild pig,No,-120.464045,34.51923402,GL
DTU1,D.07.26.23.U1,Sus scrofa,wild boar,Wild boar,Wild boar,Sus,Suidae,Artiodactyla,scrofa,Wild boar,Dangermond,bear,target,-120.4414553,34.45220031,GL
DTU1,D.07.26.23.U1,Sus scrofa,wild boar,Wild boar,Wild boar,Sus,Suidae,Artiodactyla,scrofa,Wild boar,Dangermond,bear,target,-120.4414553,34.45220031,GL
DTU2,D.07.26.23.U2,Sus scrofa,wild boar,Wild boar,Wild boar,Sus,Suidae,Artiodactyla,scrofa,Wild boar,Dangermond,bear,target,-120.441401,34.45222204,GL
DTU2,D.07.26.23.U2,Meleagris gallopavo,wild turkey,Terrestrial bird,Terrestrial bird,Meleagris,Phasianidae,Galliformes,gallopavo,no,Dangermond,bear,No,-120.441401,34.45222204,GL
DTU2,D.07.26.23.U2,Sus scrofa,wild boar,Wild boar,Wild boar,Sus,Suidae,Artiodactyla,scrofa,Wild boar,Dangermond,bear,target,-120.441401,34.45222204,GL
DTU3,D.07.26.23.U3,Sus scrofa,wild boar,Wild boar,Wild boar,Sus,Suidae,Artiodactyla,scrofa,Wild boar,Dangermond,bear,target,-120.4411162,34.45221365,GL
DTU3,D.07.26.23.U3,Sus scrofa,wild boar,Wild boar,Wild boar,Sus,Suidae,Artiodactyla,scrofa,Wild boar,Dangermond,bear,target,-120.4411162,34.45221365,GL
DUB1,D.07.31.23.B1,Lynx rufus,bobcat,Bobcat,Bobcat,Lynx,Felidae,Carnivora,rufus,Bobcat,Dangermond,bobcat,target,-120.4410698,34.45231164,GL
DUB1,D.07.31.23.B1,Lynx rufus,bobcat,Bobcat,Bobcat,Lynx,Felidae,Carnivora,rufus,Bobcat,Dangermond,bobcat,target,-120.4410698,34.45231164,GL
DUB1,D.07.31.23.B1,Peromyscus maniculatus,deer mouse,Small rodent,Small rodent,Peromyscus,Cricetidae,Rodentia,maniculatus,no,Dangermond,bobcat,No,-120.4410698,34.45231164,GL
DUB1,D.07.31.23.B1,Sylvilagus bachmani,brush rabbit,Brush rabbit,Brush rabbit,Sylvilagus,Leporidae,Lagomorpha,bachmani,no,Dangermond,bobcat,No,-120.4410698,34.45231164,GL
DUB1,D.07.31.23.B1,Lynx rufus,bobcat,Bobcat,Bobcat,Lynx,Felidae,Carnivora,rufus,Bobcat,Dangermond,bobcat,target,-120.4410698,34.45231164,GL
DUC1,D.07.31.23.C1,Canis latrans,coyote,Coyote,Coyote,Canis,Canidae,Carnivora,latrans,Coyote,Dangermond,coyote,target,-120.4445654,34.45788059,GL
DUC1,D.07.31.23.C1,Urile penicillatus,brandt's cormorant,Brandt's cormorant,Brandt's cormorant,Urile,Phalacrocoracidae,Suliformes,penicillatus,no,Dangermond,coyote,No,-120.4445654,34.45788059,GL
DUC1,D.07.31.23.C1,Canis latrans,coyote,Coyote,Coyote,Canis,Canidae,Carnivora,latrans,Coyote,Dangermond,coyote,target,-120.4445654,34.45788059,GL
DUC1,D.07.31.23.C1,Canis latrans,coyote,Coyote,Coyote,Canis,Canidae,Carnivora,latrans,Coyote,Dangermond,coyote,target,-120.4445654,34.45788059,GL
DUC1,D.07.31.23.C1,Urile pelagicus,pelagic cormorant,Pelagic cormorant,Pelagic cormorant,Urile,Phalacrocoracidae,Suliformes,pelagicus,no,Dangermond,coyote,No,-120.4445654,34.45788059,GL
DUKH1,D.00.00.22.H1,Sus scrofa,wild boar,Wild boar,Wild boar,Sus,Suidae,Artiodactyla,scrofa,Wild boar,Dangermond,wild pig,target,-120.442242,34.500704,EH
DUKH1,D.00.00.22.H1,Sus scrofa,wild boar,Wild boar,Wild boar,Sus,Suidae,Artiodactyla,scrofa,Wild boar,Dangermond,wild pig,target,-120.442242,34.500704,EH
DUKH1,D.00.00.22.H1,Stenopelmatus sp,cricket,Terrestrial insect,Terrestrial insect,Stenopelmatus,Stenopelmatidae,Orthoptera,NA,no,Dangermond,wild pig,No,-120.442242,34.500704,EH
DUKH1,D.00.00.22.H1,Stenopelmatus sp,cricket,Terrestrial insect,Terrestrial insect,Stenopelmatus,Stenopelmatidae,Orthoptera,NA,no,Dangermond,wild pig,No,-120.442242,34.500704,EH
DUKH1,D.00.00.22.H1,Isogenoides sp,stonefly,Terrestrial insect,Terrestrial insect,Isogenoides,Perlodidae,Plecoptera,NA,no,Dangermond,wild pig,No,-120.442242,34.500704,EH
DUKH10,D.00.00.22.H10,Sus scrofa,wild boar,Wild boar,Wild boar,Sus,Suidae,Artiodactyla,scrofa,Wild boar,Dangermond,wild pig,target,-120.442857,34.501017,EH
DUKH10,D.00.00.22.H10,Stenopelmatus sp,cricket,Terrestrial insect,Terrestrial insect,Stenopelmatus,Stenopelmatidae,Orthoptera,NA,no,Dangermond,wild pig,No,-120.442857,34.501017,EH
DUKH10,D.00.00.22.H10,Stenopelmatus sp,cricket,Terrestrial insect,Terrestrial insect,Stenopelmatus,Stenopelmatidae,Orthoptera,NA,no,Dangermond,wild pig,No,-120.442857,34.501017,EH
DUKH10,D.00.00.22.H10,Sus scrofa,wild boar,Wild boar,Wild boar,Sus,Suidae,Artiodactyla,scrofa,Wild boar,Dangermond,wild pig,target,-120.442857,34.501017,EH
DUKH10,D.00.00.22.H10,Stenopelmatus sp,cricket,Terrestrial insect,Terrestrial insect,Stenopelmatus,Stenopelmatidae,Orthoptera,NA,no,Dangermond,wild pig,No,-120.442857,34.501017,EH
DUKH10,D.00.00.22.H10,Isogenoides sp,stonefly,Terrestrial insect,Terrestrial insect,Isogenoides,Perlodidae,Plecoptera,NA,no,Dangermond,wild pig,No,-120.442857,34.501017,EH
DUKH10,D.00.00.22.H10,Stenopelmatus sp,cricket,Terrestrial insect,Terrestrial insect,Stenopelmatus,Stenopelmatidae,Orthoptera,NA,no,Dangermond,wild pig,No,-120.442857,34.501017,EH
DUKH11,D.00.00.22.H11,Sus scrofa,wild boar,Wild boar,Wild boar,Sus,Suidae,Artiodactyla,scrofa,Wild boar,Dangermond,wild pig,target,-120.442857,34.501017,EH
DUKH11,D.00.00.22.H11,Stenopelmatus sp,cricket,Terrestrial insect,Terrestrial insect,Stenopelmatus,Stenopelmatidae,Orthoptera,NA,no,Dangermond,wild pig,No,-120.442857,34.501017,EH
DUKH11,D.00.00.22.H11,Sus scrofa,wild boar,Wild boar,Wild boar,Sus,Suidae,Artiodactyla,scrofa,Wild boar,Dangermond,wild pig,target,-120.442857,34.501017,EH
DUKH11,D.00.00.22.H11,Stenopelmatus sp,cricket,Terrestrial insect,Terrestrial insect,Stenopelmatus,Stenopelmatidae,Orthoptera,NA,no,Dangermond,wild pig,No,-120.442857,34.501017,EH
DUKH11,D.00.00.22.H11,Isogenoides sp,stonefly,Terrestrial insect,Terrestrial insect,Isogenoides,Perlodidae,Plecoptera,NA,no,Dangermond,wild pig,No,-120.442857,34.501017,EH
DUKH11,D.00.00.22.H11,Stenopelmatus sp,cricket,Terrestrial insect,Terrestrial insect,Stenopelmatus,Stenopelmatidae,Orthoptera,NA,no,Dangermond,wild pig,No,-120.442857,34.501017,EH
DUKH12,D.00.00.22.H12,Sus scrofa,wild boar,Wild boar,Wild boar,Sus,Suidae,Artiodactyla,scrofa,Wild boar,Dangermond,wild pig,target,-120.442755,34.501038,EH
DUKH12,D.00.00.22.H12,Sus scrofa,wild boar,Wild boar,Wild boar,Sus,Suidae,Artiodactyla,scrofa,Wild boar,Dangermond,wild pig,target,-120.442755,34.501038,EH
DUKH13,D.00.00.22.H13,Sus scrofa,wild boar,Wild boar,Wild boar,Sus,Suidae,Artiodactyla,scrofa,Wild boar,Dangermond,wild pig,target,-120.442755,34.501038,EH
DUKH13,D.00.00.22.H13,Sus scrofa,wild boar,Wild boar,Wild boar,Sus,Suidae,Artiodactyla,scrofa,Wild boar,Dangermond,wild pig,target,-120.442755,34.501038,EH
DUKH14,D.00.00.22.H14,Sus scrofa,wild boar,Wild boar,Wild boar,Sus,Suidae,Artiodactyla,scrofa,Wild boar,Dangermond,wild pig,target,-120.442242,34.500704,EH
DUKH14,D.00.00.22.H14,Stenopelmatus sp,cricket,Terrestrial insect,Terrestrial insect,Stenopelmatus,Stenopelmatidae,Orthoptera,NA,no,Dangermond,wild pig,No,-120.442242,34.500704,EH
DUKH14,D.00.00.22.H14,Isogenoides sp,stonefly,Terrestrial insect,Terrestrial insect,Isogenoides,Perlodidae,Plecoptera,NA,no,Dangermond,wild pig,No,-120.442242,34.500704,EH
DUKH14,D.00.00.22.H14,Sus scrofa,wild boar,Wild boar,Wild boar,Sus,Suidae,Artiodactyla,scrofa,Wild boar,Dangermond,wild pig,target,-120.442242,34.500704,EH
DUKH14,D.00.00.22.H14,Stenopelmatus sp,cricket,Terrestrial insect,Terrestrial insect,Stenopelmatus,Stenopelmatidae,Orthoptera,NA,no,Dangermond,wild pig,No,-120.442242,34.500704,EH
DUKH2,D.00.00.22.H2,Sus scrofa,wild boar,Wild boar,Wild boar,Sus,Suidae,Artiodactyla,scrofa,Wild boar,Dangermond,wild pig,target,-120.446802,34.457301,EH
DUKH2,D.00.00.22.H2,Sus scrofa,wild boar,Wild boar,Wild boar,Sus,Suidae,Artiodactyla,scrofa,Wild boar,Dangermond,wild pig,target,-120.446802,34.457301,EH
DUKH2,D.00.00.22.H2,Lynx rufus,bobcat,Bobcat,Bobcat,Lynx,Felidae,Carnivora,rufus,Bobcat,Dangermond,wild pig,target,-120.446802,34.457301,EH
DUKH3,D.00.00.22.H3,Sus scrofa,wild boar,Wild boar,Wild boar,Sus,Suidae,Artiodactyla,scrofa,Wild boar,Dangermond,wild pig,target,-120.446802,34.457301,EH
DUKH3,D.00.00.22.H3,Sus scrofa,wild boar,Wild boar,Wild boar,Sus,Suidae,Artiodactyla,scrofa,Wild boar,Dangermond,wild pig,target,-120.446802,34.457301,EH
DUKH4,D.00.00.22.H4,Sus scrofa,wild boar,Wild boar,Wild boar,Sus,Suidae,Artiodactyla,scrofa,Wild boar,Dangermond,wild pig,target,-120.45586,34.47217,EH
DUKH4,D.00.00.22.H4,Sus scrofa,wild boar,Wild boar,Wild boar,Sus,Suidae,Artiodactyla,scrofa,Wild boar,Dangermond,wild pig,target,-120.45586,34.47217,EH
DUKH4,D.00.00.22.H4,Bos taurus,domestic cattle,Cattle,Cattle,Bos,Bovidae,Artiodactyla,taurus,no,Dangermond,wild pig,No,-120.45586,34.47217,EH
DUKH5,D.00.00.22.H5,Bos taurus,domestic cattle,Cattle,Cattle,Bos,Bovidae,Artiodactyla,taurus,no,Dangermond,wild pig,No,-120.46,34.51,EH
DUKH6,D.00.00.22.H6,Sus scrofa,wild boar,Wild boar,Wild boar,Sus,Suidae,Artiodactyla,scrofa,Wild boar,Dangermond,wild pig,target,NA,NA,EH
DUKH6,D.00.00.22.H6,Sus scrofa,wild boar,Wild boar,Wild boar,Sus,Suidae,Artiodactyla,scrofa,Wild boar,Dangermond,wild pig,target,NA,NA,EH
DUKH7,D.00.00.22.H7,Sus scrofa,wild boar,Wild boar,Wild boar,Sus,Suidae,Artiodactyla,scrofa,Wild boar,Dangermond,wild pig,target,NA,NA,EH
DUKH7,D.00.00.22.H7,Sus scrofa,wild boar,Wild boar,Wild boar,Sus,Suidae,Artiodactyla,scrofa,Wild boar,Dangermond,wild pig,target,NA,NA,EH
DUKH7,D.00.00.22.H7,Stenopelmatus sp,cricket,Terrestrial insect,Terrestrial insect,Stenopelmatus,Stenopelmatidae,Orthoptera,NA,no,Dangermond,wild pig,No,NA,NA,EH
DUKH8,D.00.00.22.H8,Sus scrofa,wild boar,Wild boar,Wild boar,Sus,Suidae,Artiodactyla,scrofa,Wild boar,Dangermond,wild pig,target,-120.45586,34.47217,EH
DUKH8,D.00.00.22.H8,Sus scrofa,wild boar,Wild boar,Wild boar,Sus,Suidae,Artiodactyla,scrofa,Wild boar,Dangermond,wild pig,target,-120.45586,34.47217,EH
DUKH9,D.00.00.22.H9,Bos taurus,domestic cattle,Cattle,Cattle,Bos,Bovidae,Artiodactyla,taurus,no,Dangermond,wild pig,No,-120.46,34.51,EH
DWB1,D.08.04.23.B1,Lynx rufus,bobcat,Bobcat,Bobcat,Lynx,Felidae,Carnivora,rufus,Bobcat,Dangermond,bobcat,target,-120.4447544,34.46048158,GL
DWB1,D.08.04.23.B1,Lynx rufus,bobcat,Bobcat,Bobcat,Lynx,Felidae,Carnivora,rufus,Bobcat,Dangermond,bobcat,target,-120.4447544,34.46048158,GL
DWB1,D.08.04.23.B1,Lynx rufus,bobcat,Bobcat,Bobcat,Lynx,Felidae,Carnivora,rufus,Bobcat,Dangermond,bobcat,target,-120.4447544,34.46048158,GL
DWB1,D.08.04.23.B1,Thomomys bottae,botta's pocket gopher,Small rodent,Small rodent,Thomomys,Geomyidae,Rodentia,bottae,no,Dangermond,bobcat,No,-120.4447544,34.46048158,GL
DWB1,D.08.04.23.B1,Lynx rufus,bobcat,Bobcat,Bobcat,Lynx,Felidae,Carnivora,rufus,Bobcat,Dangermond,bobcat,target,-120.4447544,34.46048158,GL
DWB1,D.08.04.23.B1,Thomomys bottae,botta's pocket gopher,Small rodent,Small rodent,Thomomys,Geomyidae,Rodentia,bottae,no,Dangermond,bobcat,No,-120.4447544,34.46048158,GL
DWB1,D.08.04.23.B1,Lynx rufus,bobcat,Bobcat,Bobcat,Lynx,Felidae,Carnivora,rufus,Bobcat,Dangermond,bobcat,target,-120.4447544,34.46048158,GL
DWB2,D.08.04.23.B2,Lynx rufus,bobcat,Bobcat,Bobcat,Lynx,Felidae,Carnivora,rufus,Bobcat,Dangermond,bobcat,target,-120.4447665,34.46046901,GL
DWB2,D.08.04.23.B2,Lynx rufus,bobcat,Bobcat,Bobcat,Lynx,Felidae,Carnivora,rufus,Bobcat,Dangermond,bobcat,target,-120.4447665,34.46046901,GL
DWB2,D.08.04.23.B2,Microtus californicus,california vole,Small rodent,Small rodent,Microtus,Cricetidae,Rodentia,californicus,no,Dangermond,bobcat,No,-120.4447665,34.46046901,GL
DWB2,D.08.04.23.B2,Neotoma sp,woodrat,Small rodent,Small rodent,Neotoma,Cricetidae,Rodentia,NA,no,Dangermond,bobcat,No,-120.4447665,34.46046901,GL
DWB2,D.08.04.23.B2,Thomomys bottae,botta's pocket gopher,Small rodent,Small rodent,Thomomys,Geomyidae,Rodentia,bottae,no,Dangermond,bobcat,No,-120.4447665,34.46046901,GL
DWB2,D.08.04.23.B2,Lynx rufus,bobcat,Bobcat,Bobcat,Lynx,Felidae,Carnivora,rufus,Bobcat,Dangermond,bobcat,target,-120.4447665,34.46046901,GL
DWP1,D.08.04.23.P1,Lynx rufus,bobcat,Bobcat,Bobcat,Lynx,Felidae,Carnivora,rufus,Bobcat,Dangermond,puma,target,-120.4447483,34.46075222,GL
DWP1,D.08.04.23.P1,Lynx rufus,bobcat,Bobcat,Bobcat,Lynx,Felidae,Carnivora,rufus,Bobcat,Dangermond,puma,target,-120.4447483,34.46075222,GL
DWP1,D.08.04.23.P1,Thomomys bottae,botta's pocket gopher,Small rodent,Small rodent,Thomomys,Geomyidae,Rodentia,bottae,no,Dangermond,puma,No,-120.4447483,34.46075222,GL
DZB1,D.08.10.23.B1,Lynx rufus,bobcat,Bobcat,Bobcat,Lynx,Felidae,Carnivora,rufus,Bobcat,Dangermond,bobcat,target,-120.4445006,34.45919642,GL
DZB1,D.08.10.23.B1,Neotoma sp,woodrat,Small rodent,Small rodent,Neotoma,Cricetidae,Rodentia,NA,no,Dangermond,bobcat,No,-120.4445006,34.45919642,GL
DZB1,D.08.10.23.B1,Lynx rufus,bobcat,Bobcat,Bobcat,Lynx,Felidae,Carnivora,rufus,Bobcat,Dangermond,bobcat,target,-120.4445006,34.45919642,GL
DZB1,D.08.10.23.B1,Neotoma sp,woodrat,Small rodent,Small rodent,Neotoma,Cricetidae,Rodentia,NA,no,Dangermond,bobcat,No,-120.4445006,34.45919642,GL
DZB1,D.08.10.23.B1,Lynx rufus,bobcat,Bobcat,Bobcat,Lynx,Felidae,Carnivora,rufus,Bobcat,Dangermond,bobcat,target,-120.4445006,34.45919642,GL
DZB1,D.08.10.23.B1,Thomomys bottae,botta's pocket gopher,Small rodent,Small rodent,Thomomys,Geomyidae,Rodentia,bottae,no,Dangermond,bobcat,No,-120.4445006,34.45919642,GL
DZB1,D.08.10.23.B1,Neotoma sp,woodrat,Small rodent,Small rodent,Neotoma,Cricetidae,Rodentia,NA,no,Dangermond,bobcat,No,-120.4445006,34.45919642,GL
DZB2,D.08.10.23.B2,Lynx rufus,bobcat,Bobcat,Bobcat,Lynx,Felidae,Carnivora,rufus,Bobcat,Dangermond,bobcat,target,-120.4447349,34.4605144,GL
DZB2,D.08.10.23.B2,Lynx rufus,bobcat,Bobcat,Bobcat,Lynx,Felidae,Carnivora,rufus,Bobcat,Dangermond,bobcat,target,-120.4447349,34.4605144,GL
DZB2,D.08.10.23.B2,Lynx rufus,bobcat,Bobcat,Bobcat,Lynx,Felidae,Carnivora,rufus,Bobcat,Dangermond,bobcat,target,-120.4447349,34.4605144,GL
DZB3,D.08.10.23.B3,Dipodomys heermanni,heerman's kangaroo rat,Small rodent,Small rodent,Dipodomys,Heteromyidae,Rodentia,heermanni,no,Dangermond,bobcat,No,-120.4447541,34.46046312,GL
DZB3,D.08.10.23.B3,Lynx rufus,bobcat,Bobcat,Bobcat,Lynx,Felidae,Carnivora,rufus,Bobcat,Dangermond,bobcat,target,-120.4447541,34.46046312,GL
DZB3,D.08.10.23.B3,Peromyscus maniculatus,deer mouse,Small rodent,Small rodent,Peromyscus,Cricetidae,Rodentia,maniculatus,no,Dangermond,bobcat,No,-120.4447541,34.46046312,GL
DZB3,D.08.10.23.B3,Lynx rufus,bobcat,Bobcat,Bobcat,Lynx,Felidae,Carnivora,rufus,Bobcat,Dangermond,bobcat,target,-120.4447541,34.46046312,GL
DZB3,D.08.10.23.B3,Dipodomys heermanni,heerman's kangaroo rat,Small rodent,Small rodent,Dipodomys,Heteromyidae,Rodentia,heermanni,no,Dangermond,bobcat,No,-120.4447541,34.46046312,GL
DZB3,D.08.10.23.B3,Dipodomys heermanni,heerman's kangaroo rat,Small rodent,Small rodent,Dipodomys,Heteromyidae,Rodentia,heermanni,no,Dangermond,bobcat,No,-120.4447541,34.46046312,GL
DZB4,D.08.10.23.B4,Lynx rufus,bobcat,Bobcat,Bobcat,Lynx,Felidae,Carnivora,rufus,Bobcat,Dangermond,bobcat,target,-120.4446927,34.46046667,GL
DZB4,D.08.10.23.B4,Callipepla californica,california quail,Terrestrial bird,Terrestrial bird,Callipepla,Odontophoridae,Galliformes,californica,no,Dangermond,bobcat,No,-120.4446927,34.46046667,GL
DZB4,D.08.10.23.B4,Lynx rufus,bobcat,Bobcat,Bobcat,Lynx,Felidae,Carnivora,rufus,Bobcat,Dangermond,bobcat,target,-120.4446927,34.46046667,GL
DZB4,D.08.10.23.B4,Neotoma sp,woodrat,Small rodent,Small rodent,Neotoma,Cricetidae,Rodentia,NA,no,Dangermond,bobcat,No,-120.4446927,34.46046667,GL
DZB4,D.08.10.23.B4,Sylvilagus bachmani,brush rabbit,Brush rabbit,Brush rabbit,Sylvilagus,Leporidae,Lagomorpha,bachmani,no,Dangermond,bobcat,No,-120.4446927,34.46046667,GL
DZB4,D.08.10.23.B4,Lynx rufus,bobcat,Bobcat,Bobcat,Lynx,Felidae,Carnivora,rufus,Bobcat,Dangermond,bobcat,target,-120.4446927,34.46046667,GL
DZB5,D.08.10.23.B5,Lynx rufus,bobcat,Bobcat,Bobcat,Lynx,Felidae,Carnivora,rufus,Bobcat,Dangermond,bobcat,target,-120.4447262,34.46043258,GL
DZB5,D.08.10.23.B5,Lynx rufus,bobcat,Bobcat,Bobcat,Lynx,Felidae,Carnivora,rufus,Bobcat,Dangermond,bobcat,target,-120.4447262,34.46043258,GL
DZB5,D.08.10.23.B5,Peromyscus maniculatus,deer mouse,Small rodent,Small rodent,Peromyscus,Cricetidae,Rodentia,maniculatus,no,Dangermond,bobcat,No,-120.4447262,34.46043258,GL
DZB5,D.08.10.23.B5,Sylvilagus bachmani,brush rabbit,Brush rabbit,Brush rabbit,Sylvilagus,Leporidae,Lagomorpha,bachmani,no,Dangermond,bobcat,No,-120.4447262,34.46043258,GL
DZB5,D.08.10.23.B5,Lynx rufus,bobcat,Bobcat,Bobcat,Lynx,Felidae,Carnivora,rufus,Bobcat,Dangermond,bobcat,target,-120.4447262,34.46043258,GL
DZB6,D.08.10.23.B6,Canis latrans,coyote,Coyote,Coyote,Canis,Canidae,Carnivora,latrans,Coyote,Dangermond,bobcat,target,-120.4720811,34.45986816,GL
DZB6,D.08.10.23.B6,Canis latrans,coyote,Coyote,Coyote,Canis,Canidae,Carnivora,latrans,Coyote,Dangermond,bobcat,target,-120.4720811,34.45986816,GL
DZB6,D.08.10.23.B6,Canis latrans,coyote,Coyote,Coyote,Canis,Canidae,Carnivora,latrans,Coyote,Dangermond,bobcat,target,-120.4720811,34.45986816,GL
DZB6,D.08.10.23.B6,Canis latrans,coyote,Coyote,Coyote,Canis,Canidae,Carnivora,latrans,Coyote,Dangermond,bobcat,target,-120.4720811,34.45986816,GL
DZB7,D.08.10.23.B7,Sus scrofa,wild boar,Wild boar,Wild boar,Sus,Suidae,Artiodactyla,scrofa,Wild boar,Dangermond,bobcat,target,-120.441452,34.45220208,GL
DZB7,D.08.10.23.B7,Sus scrofa,wild boar,Wild boar,Wild boar,Sus,Suidae,Artiodactyla,scrofa,Wild boar,Dangermond,bobcat,target,-120.441452,34.45220208,GL
DZC1,D.08.10.23.C1,Callipepla californica,california quail,Terrestrial bird,Terrestrial bird,Callipepla,Odontophoridae,Galliformes,californica,no,Dangermond,coyote,No,-120.444731,34.46047341,GL
DZC1,D.08.10.23.C1,Lynx rufus,bobcat,Bobcat,Bobcat,Lynx,Felidae,Carnivora,rufus,Bobcat,Dangermond,coyote,target,-120.444731,34.46047341,GL
DZC1,D.08.10.23.C1,Lynx rufus,bobcat,Bobcat,Bobcat,Lynx,Felidae,Carnivora,rufus,Bobcat,Dangermond,coyote,target,-120.444731,34.46047341,GL
DZC1,D.08.10.23.C1,Sylvilagus bachmani,brush rabbit,Brush rabbit,Brush rabbit,Sylvilagus,Leporidae,Lagomorpha,bachmani,no,Dangermond,coyote,No,-120.444731,34.46047341,GL
DZC1,D.08.10.23.C1,Lynx rufus,bobcat,Bobcat,Bobcat,Lynx,Felidae,Carnivora,rufus,Bobcat,Dangermond,coyote,target,-120.444731,34.46047341,GL
DZC1,D.08.10.23.C1,Sylvilagus bachmani,brush rabbit,Brush rabbit,Brush rabbit,Sylvilagus,Leporidae,Lagomorpha,bachmani,no,Dangermond,coyote,No,-120.444731,34.46047341,GL
DZC1,D.08.10.23.C1,Crotalus oreganus,western rattlesnake,Reptile,Reptile/amphibian,Crotalus,Viperidae,Squamata,oreganus,no,Dangermond,coyote,No,-120.444731,34.46047341,GL
DZC1,D.08.10.23.C1,Crotalus oreganus,western rattlesnake,Reptile,Reptile/amphibian,Crotalus,Viperidae,Squamata,oreganus,no,Dangermond,coyote,No,-120.444731,34.46047341,GL
DZC2,D.08.10.23.C2,Canis latrans,coyote,Coyote,Coyote,Canis,Canidae,Carnivora,latrans,Coyote,Dangermond,coyote,target,-120.4715869,34.45949875,GL
DZC2,D.08.10.23.C2,Canis latrans,coyote,Coyote,Coyote,Canis,Canidae,Carnivora,latrans,Coyote,Dangermond,coyote,target,-120.4715869,34.45949875,GL
DZC2,D.08.10.23.C2,Canis latrans,coyote,Coyote,Coyote,Canis,Canidae,Carnivora,latrans,Coyote,Dangermond,coyote,target,-120.4715869,34.45949875,GL
DZD1,D.08.10.23.D1,Odocoileus hemionus,mule deer,Mule deer,Mule deer,Odocoileus,Cervidae,Artiodactyla,hemionus,Mule deer,Dangermond,deer,target,-120.4447585,34.46042905,GL
DZH1,D.08.10.23.H1,Odocoileus hemionus,mule deer,Mule deer,Mule deer,Odocoileus,Cervidae,Artiodactyla,hemionus,Mule deer,Dangermond,wild pig,target,-120.4447554,34.46043351,GL
DZP1,D.08.10.23.P1,Lynx rufus,bobcat,Bobcat,Bobcat,Lynx,Felidae,Carnivora,rufus,Bobcat,Dangermond,puma,target,-120.4447981,34.46109275,GL
DZP1,D.08.10.23.P1,Lynx rufus,bobcat,Bobcat,Bobcat,Lynx,Felidae,Carnivora,rufus,Bobcat,Dangermond,puma,target,-120.4447981,34.46109275,GL
HVC1,H.08.01.23.C1,Canis latrans,coyote,Coyote,Coyote,Canis,Canidae,Carnivora,latrans,Coyote,Hollister,coyote,target,-120.2524212,34.46826422,GL
HVC1,H.08.01.23.C1,Canis latrans,coyote,Coyote,Coyote,Canis,Canidae,Carnivora,latrans,Coyote,Hollister,coyote,target,-120.2524212,34.46826422,GL
HVC1,H.08.01.23.C1,Gallus gallus,chicken,Terrestrial bird,Terrestrial bird,Gallus,Phasianidae,Galliformes,gallus,no,Hollister,coyote,No,-120.2524212,34.46826422,GL
HVC1,H.08.01.23.C1,Canis latrans,coyote,Coyote,Coyote,Canis,Canidae,Carnivora,latrans,Coyote,Hollister,coyote,target,-120.2524212,34.46826422,GL
HVC1,H.08.01.23.C1,Canis latrans,coyote,Coyote,Coyote,Canis,Canidae,Carnivora,latrans,Coyote,Hollister,coyote,target,-120.2524212,34.46826422,GL
HVC1,H.08.01.23.C1,Canis latrans,coyote,Coyote,Coyote,Canis,Canidae,Carnivora,latrans,Coyote,Hollister,coyote,target,-120.2524212,34.46826422,GL
HVH1,H.08.01.23.H1,Sus scrofa,wild boar,Wild boar,Wild boar,Sus,Suidae,Artiodactyla,scrofa,Wild boar,Hollister,wild pig,target,-120.3719098,34.457675450000004,GL
HVH1,H.08.01.23.H1,Sus scrofa,wild boar,Wild boar,Wild boar,Sus,Suidae,Artiodactyla,scrofa,Wild boar,Hollister,wild pig,target,-120.3719098,34.457675450000004,GL
HVH2,H.08.01.23.H2,Sus scrofa,wild boar,Wild boar,Wild boar,Sus,Suidae,Artiodactyla,scrofa,Wild boar,Hollister,wild pig,target,-120.3730724,34.45726937,GL
HVH2,H.08.01.23.H2,Sus scrofa,wild boar,Wild boar,Wild boar,Sus,Suidae,Artiodactyla,scrofa,Wild boar,Hollister,wild pig,target,-120.3730724,34.45726937,GL
NAAC1,N.08.12.23.C1,Canis latrans,coyote,Coyote,Coyote,Canis,Canidae,Carnivora,latrans,Coyote,North Campus Open Space,coyote,target,-119.8816911,34.41921559,GL
NAAC1,N.08.12.23.C1,Canis latrans,coyote,Coyote,Coyote,Canis,Canidae,Carnivora,latrans,Coyote,North Campus Open Space,coyote,target,-119.8816911,34.41921559,GL
NAAC1,N.08.12.23.C1,Canis latrans,coyote,Coyote,Coyote,Canis,Canidae,Carnivora,latrans,Coyote,North Campus Open Space,coyote,target,-119.8816911,34.41921559,GL
NAAC1,N.08.12.23.C1,Canis latrans,coyote,Coyote,Coyote,Canis,Canidae,Carnivora,latrans,Coyote,North Campus Open Space,coyote,target,-119.8816911,34.41921559,GL
NABC2,N.08.14.23.C2,Canis latrans,coyote,Coyote,Coyote,Canis,Canidae,Carnivora,latrans,Coyote,North Campus Open Space,coyote,target,-119.8843157,34.42002261,GL
NABC2,N.08.14.23.C2,Canis latrans,coyote,Coyote,Coyote,Canis,Canidae,Carnivora,latrans,Coyote,North Campus Open Space,coyote,target,-119.8843157,34.42002261,GL
NABC2,N.08.14.23.C2,Canis latrans,coyote,Coyote,Coyote,Canis,Canidae,Carnivora,latrans,Coyote,North Campus Open Space,coyote,target,-119.8843157,34.42002261,GL
NABC2,N.08.14.23.C2,Bos taurus,domestic cattle,Cattle,Cattle,Bos,Bovidae,Artiodactyla,taurus,no,North Campus Open Space,coyote,No,-119.8843157,34.42002261,GL
NABC2,N.08.14.23.C2,Canis latrans,coyote,Coyote,Coyote,Canis,Canidae,Carnivora,latrans,Coyote,North Campus Open Space,coyote,target,-119.8843157,34.42002261,GL
NABC2,N.08.14.23.C2,Gallus gallus,chicken,Terrestrial bird,Terrestrial bird,Gallus,Phasianidae,Galliformes,gallus,no,North Campus Open Space,coyote,No,-119.8843157,34.42002261,GL
NABC2,N.08.14.23.C2,Microtus californicus,california vole,Small rodent,Small rodent,Microtus,Cricetidae,Rodentia,californicus,no,North Campus Open Space,coyote,No,-119.8843157,34.42002261,GL
NABC2,N.08.14.23.C2,Sus scrofa,wild boar,Wild boar,Wild boar,Sus,Suidae,Artiodactyla,scrofa,Wild boar,North Campus Open Space,coyote,target,-119.8843157,34.42002261,GL
NACC1,N.08.17.23.C1,Canis latrans,coyote,Coyote,Coyote,Canis,Canidae,Carnivora,latrans,Coyote,North Campus Open Space,coyote,target,-119.8829089,34.41968533,GL
NACC1,N.08.17.23.C1,Peromyscus maniculatus,deer mouse,Small rodent,Small rodent,Peromyscus,Cricetidae,Rodentia,maniculatus,no,North Campus Open Space,coyote,No,-119.8829089,34.41968533,GL
NACC1,N.08.17.23.C1,Canis latrans,coyote,Coyote,Coyote,Canis,Canidae,Carnivora,latrans,Coyote,North Campus Open Space,coyote,target,-119.8829089,34.41968533,GL
NACC1,N.08.17.23.C1,Canis latrans,coyote,Coyote,Coyote,Canis,Canidae,Carnivora,latrans,Coyote,North Campus Open Space,coyote,target,-119.8829089,34.41968533,GL
NHC1,N.06.29.23.C1,Canis latrans,coyote,Coyote,Coyote,Canis,Canidae,Carnivora,latrans,Coyote,North Campus Open Space,coyote,target,-119.8827109,34.41834626,GL
NHC1,N.06.29.23.C1,Microtus californicus,california vole,Small rodent,Small rodent,Microtus,Cricetidae,Rodentia,californicus,no,North Campus Open Space,coyote,No,-119.8827109,34.41834626,GL
NHC1,N.06.29.23.C1,Peromyscus maniculatus,deer mouse,Small rodent,Small rodent,Peromyscus,Cricetidae,Rodentia,maniculatus,no,North Campus Open Space,coyote,No,-119.8827109,34.41834626,GL
NHC1,N.06.29.23.C1,Sylvilagus bachmani,brush rabbit,Brush rabbit,Brush rabbit,Sylvilagus,Leporidae,Lagomorpha,bachmani,no,North Campus Open Space,coyote,No,-119.8827109,34.41834626,GL
NHC1,N.06.29.23.C1,Sylvilagus bachmani,brush rabbit,Brush rabbit,Brush rabbit,Sylvilagus,Leporidae,Lagomorpha,bachmani,no,North Campus Open Space,coyote,No,-119.8827109,34.41834626,GL
NHC1,N.06.29.23.C1,Sylvilagus bachmani,brush rabbit,Brush rabbit,Brush rabbit,Sylvilagus,Leporidae,Lagomorpha,bachmani,no,North Campus Open Space,coyote,No,-119.8827109,34.41834626,GL
NHC1,N.06.29.23.C1,Microtus californicus,california vole,Small rodent,Small rodent,Microtus,Cricetidae,Rodentia,californicus,no,North Campus Open Space,coyote,No,-119.8827109,34.41834626,GL
NHC1,N.06.29.23.C1,Microtus californicus,california vole,Small rodent,Small rodent,Microtus,Cricetidae,Rodentia,californicus,no,North Campus Open Space,coyote,No,-119.8827109,34.41834626,GL
NHC1,N.06.29.23.C1,Canis latrans,coyote,Coyote,Coyote,Canis,Canidae,Carnivora,latrans,Coyote,North Campus Open Space,coyote,target,-119.8827109,34.41834626,GL
NHC2,N.06.29.23.C2,Canis latrans,coyote,Coyote,Coyote,Canis,Canidae,Carnivora,latrans,Coyote,North Campus Open Space,coyote,target,-119.8825136,34.41844919,GL
NHC2,N.06.29.23.C2,Canis latrans,coyote,Coyote,Coyote,Canis,Canidae,Carnivora,latrans,Coyote,North Campus Open Space,coyote,target,-119.8825136,34.41844919,GL
NHC2,N.06.29.23.C2,Canis latrans,coyote,Coyote,Coyote,Canis,Canidae,Carnivora,latrans,Coyote,North Campus Open Space,coyote,target,-119.8825136,34.41844919,GL
NKC1,N.07.12.23.C1,Canis latrans,coyote,Coyote,Coyote,Canis,Canidae,Carnivora,latrans,Coyote,North Campus Open Space,coyote,target,-119.883643,34.41803045,GL
NKC1,N.07.12.23.C1,Canis latrans,coyote,Coyote,Coyote,Canis,Canidae,Carnivora,latrans,Coyote,North Campus Open Space,coyote,target,-119.883643,34.41803045,GL
NKC1,N.07.12.23.C1,Sylvilagus bachmani,brush rabbit,Brush rabbit,Brush rabbit,Sylvilagus,Leporidae,Lagomorpha,bachmani,no,North Campus Open Space,coyote,No,-119.883643,34.41803045,GL
NKC1,N.07.12.23.C1,Sylvilagus bachmani,brush rabbit,Brush rabbit,Brush rabbit,Sylvilagus,Leporidae,Lagomorpha,bachmani,no,North Campus Open Space,coyote,No,-119.883643,34.41803045,GL
NKC1,N.07.12.23.C1,Canis latrans,coyote,Coyote,Coyote,Canis,Canidae,Carnivora,latrans,Coyote,North Campus Open Space,coyote,target,-119.883643,34.41803045,GL
NKC1,N.07.12.23.C1,Canis latrans,coyote,Coyote,Coyote,Canis,Canidae,Carnivora,latrans,Coyote,North Campus Open Space,coyote,target,-119.883643,34.41803045,GL
NMC1,N.07.15.23.C1,Canis latrans,coyote,Coyote,Coyote,Canis,Canidae,Carnivora,latrans,Coyote,North Campus Open Space,coyote,target,-119.8746361,34.42143776,GL
NMC1,N.07.15.23.C1,Meleagris gallopavo,wild turkey,Terrestrial bird,Terrestrial bird,Meleagris,Phasianidae,Galliformes,gallopavo,no,North Campus Open Space,coyote,No,-119.8746361,34.42143776,GL
NMC1,N.07.15.23.C1,Canis latrans,coyote,Coyote,Coyote,Canis,Canidae,Carnivora,latrans,Coyote,North Campus Open Space,coyote,target,-119.8746361,34.42143776,GL
NMC1,N.07.15.23.C1,Meleagris gallopavo,wild turkey,Terrestrial bird,Terrestrial bird,Meleagris,Phasianidae,Galliformes,gallopavo,no,North Campus Open Space,coyote,No,-119.8746361,34.42143776,GL
NMC1,N.07.15.23.C1,Gallus gallus,chicken,Terrestrial bird,Terrestrial bird,Gallus,Phasianidae,Galliformes,gallus,no,North Campus Open Space,coyote,No,-119.8746361,34.42143776,GL
NMC1,N.07.15.23.C1,Canis latrans,coyote,Coyote,Coyote,Canis,Canidae,Carnivora,latrans,Coyote,North Campus Open Space,coyote,target,-119.8746361,34.42143776,GL
NMC1,N.07.15.23.C1,Canis latrans,coyote,Coyote,Coyote,Canis,Canidae,Carnivora,latrans,Coyote,North Campus Open Space,coyote,target,-119.8746361,34.42143776,GL
NMC1,N.07.15.23.C1,Canis latrans,coyote,Coyote,Coyote,Canis,Canidae,Carnivora,latrans,Coyote,North Campus Open Space,coyote,target,-119.8746361,34.42143776,GL
NMC1,N.07.15.23.C1,Canis latrans,coyote,Coyote,Coyote,Canis,Canidae,Carnivora,latrans,Coyote,North Campus Open Space,coyote,target,-119.8746361,34.42143776,GL
NMC2,N.07.15.23.C2,Canis latrans,coyote,Coyote,Coyote,Canis,Canidae,Carnivora,latrans,Coyote,North Campus Open Space,coyote,target,-119.8813026,34.42196999,GL
NMC2,N.07.15.23.C2,Microtus californicus,california vole,Small rodent,Small rodent,Microtus,Cricetidae,Rodentia,californicus,no,North Campus Open Space,coyote,No,-119.8813026,34.42196999,GL
NMC2,N.07.15.23.C2,Sylvilagus bachmani,brush rabbit,Brush rabbit,Brush rabbit,Sylvilagus,Leporidae,Lagomorpha,bachmani,no,North Campus Open Space,coyote,No,-119.8813026,34.42196999,GL
NMC2,N.07.15.23.C2,Microtus californicus,california vole,Small rodent,Small rodent,Microtus,Cricetidae,Rodentia,californicus,no,North Campus Open Space,coyote,No,-119.8813026,34.42196999,GL
NMC2,N.07.15.23.C2,Sylvilagus bachmani,brush rabbit,Brush rabbit,Brush rabbit,Sylvilagus,Leporidae,Lagomorpha,bachmani,no,North Campus Open Space,coyote,No,-119.8813026,34.42196999,GL
NMC2,N.07.15.23.C2,Microtus californicus,california vole,Small rodent,Small rodent,Microtus,Cricetidae,Rodentia,californicus,no,North Campus Open Space,coyote,No,-119.8813026,34.42196999,GL
NMC2,N.07.15.23.C2,Canis latrans,coyote,Coyote,Coyote,Canis,Canidae,Carnivora,latrans,Coyote,North Campus Open Space,coyote,target,-119.8813026,34.42196999,GL
NPB1,N.07.19.23.B1,Canis latrans,coyote,Coyote,Coyote,Canis,Canidae,Carnivora,latrans,Coyote,North Campus Open Space,bobcat,target,-119.8740881,34.41904181,GL
NPB1,N.07.19.23.B1,Spermophillus beecheyi,california ground squirrel,Small rodent,Small rodent,Spermophillus,Sciuridae,Rodentia,beecheyi,no,North Campus Open Space,bobcat,No,-119.8740881,34.41904181,GL
NPB1,N.07.19.23.B1,Spermophillus beecheyi,california ground squirrel,Small rodent,Small rodent,Spermophillus,Sciuridae,Rodentia,beecheyi,no,North Campus Open Space,bobcat,No,-119.8740881,34.41904181,GL
NPB1,N.07.19.23.B1,Spermophillus beecheyi,california ground squirrel,Small rodent,Small rodent,Spermophillus,Sciuridae,Rodentia,beecheyi,no,North Campus Open Space,bobcat,No,-119.8740881,34.41904181,GL
NPB1,N.07.19.23.B1,Canis latrans,coyote,Coyote,Coyote,Canis,Canidae,Carnivora,latrans,Coyote,North Campus Open Space,bobcat,target,-119.8740881,34.41904181,GL
NPB1,N.07.19.23.B1,Canis latrans,coyote,Coyote,Coyote,Canis,Canidae,Carnivora,latrans,Coyote,North Campus Open Space,bobcat,target,-119.8740881,34.41904181,GL
NPB1,N.07.19.23.B1,Canis latrans,coyote,Coyote,Coyote,Canis,Canidae,Carnivora,latrans,Coyote,North Campus Open Space,bobcat,target,-119.8740881,34.41904181,GL
NPB1,N.07.19.23.B1,Canis latrans,coyote,Coyote,Coyote,Canis,Canidae,Carnivora,latrans,Coyote,North Campus Open Space,bobcat,target,-119.8740881,34.41904181,GL
NRC1,N.07.23.23.C1,Canis latrans,coyote,Coyote,Coyote,Canis,Canidae,Carnivora,latrans,Coyote,North Campus Open Space,coyote,target,-119.8810304,34.4196875,GL
NRC1,N.07.23.23.C1,Microtus californicus,california vole,Small rodent,Small rodent,Microtus,Cricetidae,Rodentia,californicus,no,North Campus Open Space,coyote,No,-119.8810304,34.4196875,GL
NRC1,N.07.23.23.C1,Mus musculus,house mouse,Small rodent,Small rodent,Mus,Muridae,Rodentia,musculus,no,North Campus Open Space,coyote,No,-119.8810304,34.4196875,GL
NRC1,N.07.23.23.C1,Peromyscus maniculatus,deer mouse,Small rodent,Small rodent,Peromyscus,Cricetidae,Rodentia,maniculatus,no,North Campus Open Space,coyote,No,-119.8810304,34.4196875,GL
NRC1,N.07.23.23.C1,Rattus rattus,black rat,Small rodent,Small rodent,Rattus,Muridae,Rodentia,rattus,no,North Campus Open Space,coyote,No,-119.8810304,34.4196875,GL
NRC1,N.07.23.23.C1,Sus scrofa,wild boar,Wild boar,Wild boar,Sus,Suidae,Artiodactyla,scrofa,Wild boar,North Campus Open Space,coyote,target,-119.8810304,34.4196875,GL
NRC1,N.07.23.23.C1,Canis latrans,coyote,Coyote,Coyote,Canis,Canidae,Carnivora,latrans,Coyote,North Campus Open Space,coyote,target,-119.8810304,34.4196875,GL
NRC1,N.07.23.23.C1,Canis latrans,coyote,Coyote,Coyote,Canis,Canidae,Carnivora,latrans,Coyote,North Campus Open Space,coyote,target,-119.8810304,34.4196875,GL
NRC1,N.07.23.23.C1,Rattus rattus,black rat,Small rodent,Small rodent,Rattus,Muridae,Rodentia,rattus,no,North Campus Open Space,coyote,No,-119.8810304,34.4196875,GL
NRC2,N.07.23.23.C2,Canis latrans,coyote,Coyote,Coyote,Canis,Canidae,Carnivora,latrans,Coyote,North Campus Open Space,coyote,target,-119.8815703,34.41885429,GL
NRC2,N.07.23.23.C2,Sus scrofa,wild boar,Wild boar,Wild boar,Sus,Suidae,Artiodactyla,scrofa,Wild boar,North Campus Open Space,coyote,target,-119.8815703,34.41885429,GL
NRC2,N.07.23.23.C2,Sylvilagus bachmani,brush rabbit,Brush rabbit,Brush rabbit,Sylvilagus,Leporidae,Lagomorpha,bachmani,no,North Campus Open Space,coyote,No,-119.8815703,34.41885429,GL
NRC2,N.07.23.23.C2,Canis latrans,coyote,Coyote,Coyote,Canis,Canidae,Carnivora,latrans,Coyote,North Campus Open Space,coyote,target,-119.8815703,34.41885429,GL
NRC2,N.07.23.23.C2,Canis latrans,coyote,Coyote,Coyote,Canis,Canidae,Carnivora,latrans,Coyote,North Campus Open Space,coyote,target,-119.8815703,34.41885429,GL
NRC2,N.07.23.23.C2,Canis latrans,coyote,Coyote,Coyote,Canis,Canidae,Carnivora,latrans,Coyote,North Campus Open Space,coyote,target,-119.8815703,34.41885429,GL
NXC1,N.08.05.23.C1,Canis latrans,coyote,Coyote,Coyote,Canis,Canidae,Carnivora,latrans,Coyote,North Campus Open Space,coyote,target,-119.8758191,34.42079554,GL
NXC1,N.08.05.23.C1,Canis latrans,coyote,Coyote,Coyote,Canis,Canidae,Carnivora,latrans,Coyote,North Campus Open Space,coyote,target,-119.8758191,34.42079554,GL
NXC1,N.08.05.23.C1,Peromyscus maniculatus,deer mouse,Small rodent,Small rodent,Peromyscus,Cricetidae,Rodentia,maniculatus,no,North Campus Open Space,coyote,No,-119.8758191,34.42079554,GL
NXC1,N.08.05.23.C1,Canis latrans,coyote,Coyote,Coyote,Canis,Canidae,Carnivora,latrans,Coyote,North Campus Open Space,coyote,target,-119.8758191,34.42079554,GL
NXC2,N.08.05.23.C2,Canis latrans,coyote,Coyote,Coyote,Canis,Canidae,Carnivora,latrans,Coyote,North Campus Open Space,coyote,target,-119.881457,34.41866988,GL
NXC2,N.08.05.23.C2,Bos taurus,domestic cattle,Cattle,Cattle,Bos,Bovidae,Artiodactyla,taurus,no,North Campus Open Space,coyote,No,-119.881457,34.41866988,GL
NXC2,N.08.05.23.C2,Canis latrans,coyote,Coyote,Coyote,Canis,Canidae,Carnivora,latrans,Coyote,North Campus Open Space,coyote,target,-119.881457,34.41866988,GL
NXC2,N.08.05.23.C2,Gallus gallus,chicken,Terrestrial bird,Terrestrial bird,Gallus,Phasianidae,Galliformes,gallus,no,North Campus Open Space,coyote,No,-119.881457,34.41866988,GL
NXC2,N.08.05.23.C2,Sus scrofa,wild boar,Wild boar,Wild boar,Sus,Suidae,Artiodactyla,scrofa,Wild boar,North Campus Open Space,coyote,target,-119.881457,34.41866988,GL
NXC2,N.08.05.23.C2,Canis latrans,coyote,Coyote,Coyote,Canis,Canidae,Carnivora,latrans,Coyote,North Campus Open Space,coyote,target,-119.881457,34.41866988,GL
NXC2,N.08.05.23.C2,Canis latrans,coyote,Coyote,Coyote,Canis,Canidae,Carnivora,latrans,Coyote,North Campus Open Space,coyote,target,-119.881457,34.41866988,GL
NYC1,N.08.07.23.C1,Canis latrans,coyote,Coyote,Coyote,Canis,Canidae,Carnivora,latrans,Coyote,North Campus Open Space,coyote,target,-119.8802775,34.41969638,GL
NYC1,N.08.07.23.C1,Microtus californicus,california vole,Small rodent,Small rodent,Microtus,Cricetidae,Rodentia,californicus,no,North Campus Open Space,coyote,No,-119.8802775,34.41969638,GL
NYC1,N.08.07.23.C1,Sylvilagus bachmani,brush rabbit,Brush rabbit,Brush rabbit,Sylvilagus,Leporidae,Lagomorpha,bachmani,no,North Campus Open Space,coyote,No,-119.8802775,34.41969638,GL
NYC1,N.08.07.23.C1,Microtus californicus,california vole,Small rodent,Small rodent,Microtus,Cricetidae,Rodentia,californicus,no,North Campus Open Space,coyote,No,-119.8802775,34.41969638,GL
NYC1,N.08.07.23.C1,Canis latrans,coyote,Coyote,Coyote,Canis,Canidae,Carnivora,latrans,Coyote,North Campus Open Space,coyote,target,-119.8802775,34.41969638,GL
NYC1,N.08.07.23.C1,Canis latrans,coyote,Coyote,Coyote,Canis,Canidae,Carnivora,latrans,Coyote,North Campus Open Space,coyote,target,-119.8802775,34.41969638,GL
DEC2,D.06.26.23.C2,Canis,coyote,Coyote,Coyote,Canis,Canidae,Carnivora,latrans,Coyote,Dangermond,coyote,target,-120.4716455,34.45939745,GL
DCC2,D.06.19.23.C2,Canis,coyote,Coyote,Coyote,Canis,Canidae,Carnivora,latrans,Coyote,Dangermond,coyote,target,-120.45741,34.44566,GL
